YEAR,MO,DY,PS,WS10M,WS10M_MAX,WS10M_MIN,WS10M_RANGE,WD10M,WS50M,WS50M_MAX,WS50M_MIN,WS50M_RANGE,WD50M,RH2M,T2M
2021,1,1,97,2.68,3.73,1.34,2.39,74.94,4.06,5,2.3,2.7,75.56,75.12,23.19
2021,1,2,97,2.45,4.1,0.97,3.14,69.06,3.74,5.38,1.66,3.72,73.5,74,23.08
2021,1,3,96.88,1.86,3.16,0.27,2.88,161.5,2.72,4.23,0.45,3.79,159.44,76.44,25.21
2021,1,4,96.88,0.97,1.8,0.35,1.45,154.94,1.48,2.66,0.3,2.36,145.69,77.56,25.33
2021,1,5,96.95,1.67,3.12,0.52,2.6,89.25,2.55,4.08,0.65,3.43,93.94,82.69,23.84
2021,1,6,96.92,1.89,2.44,1.27,1.16,185.5,2.71,3.32,2.05,1.27,182.94,83,24.8
2021,1,7,96.77,1.45,2.28,0.22,2.06,244.12,2.1,3.49,0.19,3.3,241,87.44,24.6
2021,1,8,96.73,1.58,2.12,1.23,0.89,164.25,2.37,3.07,1.72,1.35,150.56,88.44,23.93
2021,1,9,96.74,1.41,1.91,0.23,1.67,161.12,2.11,2.93,0.6,2.33,148.38,83.25,24.81
2021,1,10,96.85,1.02,2.3,0.27,2.02,162.12,1.65,3.23,0.32,2.91,146.06,80.69,25.27
2021,1,11,96.93,1.28,2.74,0.16,2.58,109.69,2.2,3.77,0.73,3.04,86.5,74.69,25.47
2021,1,12,96.95,2.32,4.09,1.2,2.89,72.38,3.85,6.01,2.27,3.73,73.31,71.31,24.85
2021,1,13,96.92,2.9,4.9,1.38,3.52,69.56,4.48,6.83,2.62,4.2,69.94,72.31,24.04
2021,1,14,96.87,2.18,3.88,0.72,3.16,81.56,3.5,5.46,1.45,4.01,80.5,73.25,24.6
2021,1,15,96.87,1.41,3.23,0.25,2.98,147.56,2.15,4.35,0.29,4.07,129.56,72,25.59
2021,1,16,96.8,0.91,1.84,0.26,1.58,149.31,1.38,2.56,0.37,2.2,148,75,25.55
2021,1,17,96.85,0.67,1.44,0.12,1.32,157.38,1.2,2.27,0.25,2.02,149.62,76.31,25.6
2021,1,18,96.95,1.3,3.12,0.45,2.67,75,2.26,3.97,0.74,3.23,80.25,71.44,25.41
2021,1,19,96.99,1.5,3.23,0.45,2.78,108.5,2.41,4.12,1.12,3,85.56,71.81,24.67
2021,1,20,97.06,1.37,2.41,0.48,1.93,85.56,2.12,3.43,0.9,2.54,91.25,67.38,24.41
2021,1,21,97.02,1.99,3.17,0.21,2.97,180.06,2.95,4.76,0.32,4.44,171.62,66.19,23.93
2021,1,22,96.97,1.87,2.56,0.34,2.23,133.31,2.71,4.12,0.36,3.77,128,70.5,24.02
2021,1,23,96.96,1.59,2.89,0.23,2.66,148.06,2.34,3.95,0.55,3.4,155.81,74.06,24.56
2021,1,24,97.04,1.59,2.48,1.02,1.46,57.94,2.48,3.94,1.57,2.37,49.69,68.5,24.56
2021,1,25,97.09,1.7,3.23,0.15,3.08,117.12,2.64,4.42,0.2,4.23,104.44,63.94,23.96
2021,1,26,97.03,1.58,3.02,0.31,2.71,108.06,2.45,4.19,0.35,3.84,112.81,62.06,23.46
2021,1,27,97.07,1.38,2.39,0.32,2.07,153.69,2.09,3.7,0.22,3.48,142.62,62.81,23.55
2021,1,28,97.08,1.73,2.59,0.86,1.73,86.31,2.78,3.82,1.31,2.51,62.56,66.12,23.37
2021,1,29,97.14,2.14,3.55,0.28,3.28,154.81,3.24,4.96,0.72,4.24,115.94,70.81,23.36
2021,1,30,97.06,1.92,3.14,0.04,3.11,143.06,2.91,4.49,0.41,4.08,130.62,71.19,23.98
2021,1,31,97.07,1.85,2.83,0.53,2.3,90.75,3,4.77,1.08,3.68,81.88,69.62,24.37
2021,2,1,97.19,3.13,4.4,1.62,2.77,67.56,4.81,5.91,3.2,2.71,69.75,63.38,23.41
2021,2,2,97.21,3.02,4.49,1.56,2.93,66.44,4.69,6.18,2.96,3.22,68.12,65.81,23.21
2021,2,3,97.15,1.99,3.8,0.07,3.73,142.62,3.02,5.45,0.2,5.23,120.31,69.94,24.07
2021,2,4,97.15,1.34,2.81,0.48,2.32,166.25,2.02,3.7,0.24,3.45,170.81,71.69,24.87
2021,2,5,97.11,1.52,2.86,0.46,2.4,174.88,2.36,4.37,0.94,3.42,184.69,73.94,24.15
2021,2,6,96.98,1.59,2.76,0.34,2.41,119.62,2.57,4,0.87,3.13,99.56,68.38,24.08
2021,2,7,97.05,2.85,3.58,1.91,1.66,73.31,4.62,6.04,3.91,2.13,75.19,58.75,23.51
2021,2,8,97.09,3.22,5.16,1.62,3.55,69.75,5.02,7.01,3.52,3.49,70.75,59.81,22.79
2021,2,9,97.05,2.6,3.99,1.27,2.73,66.69,4.12,5.69,2.34,3.35,69,59.38,23.1
2021,2,10,96.98,1.93,3.24,0.79,2.45,65,3.07,5.04,1.16,3.88,69.38,57.31,23.2
2021,2,11,96.92,1.62,3.15,0.23,2.91,121.19,2.54,4.65,0.38,4.27,118.75,56.06,23.33
2021,2,12,97,1.34,2.26,0.3,1.96,175.81,1.97,3.6,0.12,3.48,169.69,58.25,24.45
2021,2,13,97.11,1.77,2.92,0.91,2.02,182.75,2.42,3.59,1.21,2.38,182.62,66,24.33
2021,2,14,97.14,1.52,2.75,0.78,1.97,191.38,2.07,3.45,1.06,2.38,191,65.31,24.51
2021,2,15,97.04,1.56,3.33,0.12,3.21,190.56,2.12,4.42,0.37,4.05,190.75,69.06,24.61
2021,2,16,97.01,1.96,2.84,0.11,2.73,186.62,2.75,4.3,0.48,3.82,185.12,71.94,24.65
2021,2,17,96.95,2.26,3.16,0.93,2.23,234.31,2.84,4.54,0.83,3.71,235.75,74.19,25.26
2021,2,18,97.04,1.9,2.45,0.7,1.74,195.12,2.58,3.58,0.84,2.73,180.62,73.56,25.22
2021,2,19,97.12,2.62,4.45,0.92,3.53,64.12,3.91,5.75,1.41,4.33,70.25,74.25,22.6
2021,2,20,97.01,3.05,5.58,0.3,5.28,120.38,4.54,7.46,0.52,6.95,111.25,66.38,24.08
2021,2,21,97.12,2.81,4.7,1.12,3.59,82.56,4.12,6.36,1.92,4.44,81.56,67.5,24.62
2021,2,22,97.17,1.66,2.7,0.1,2.59,127.56,2.69,4.57,0.2,4.37,103.31,61.5,25.74
2021,2,23,97.04,1.73,3.21,0.05,3.16,142.06,2.55,4.34,0.23,4.1,118.38,65.81,26.05
2021,2,24,96.97,1.81,2.78,0.88,1.91,172.38,2.53,3.55,0.88,2.68,172.25,63.62,26.24
2021,2,25,97.02,1.84,3.29,0.89,2.39,202.5,2.48,4.3,1.28,3.02,193.88,68.06,26.39
2021,2,26,96.93,2.49,3.62,1.32,2.3,222.06,3.42,4.85,1.73,3.12,224.94,71.31,26.23
2021,2,27,96.8,2.02,3.13,0.49,2.64,196,2.7,4.32,0.54,3.78,202,67.06,26.58
2021,2,28,96.8,1.96,3.13,0.09,3.05,166.12,2.72,4.15,0.23,3.91,167.06,64.5,26.82
2021,3,1,97.09,1.38,2.92,0.61,2.3,190.5,1.92,3.34,0.38,2.97,182.62,63.44,26.98
2021,3,2,97.1,1.19,2.3,0.23,2.07,187.75,1.77,2.82,0.59,2.23,137.56,63.75,26.67
2021,3,3,96.93,1.52,2.45,0.78,1.66,111.12,2.62,3.88,1.29,2.59,92.19,57.44,26.74
2021,3,4,96.96,1.8,3.47,0.48,2.98,145.31,2.89,4.82,0.33,4.49,142.88,53.81,26.55
2021,3,5,97.12,1.48,3.38,0.44,2.94,203.06,2.06,4.1,0.78,3.32,177.5,57.94,26.58
2021,3,6,97.15,1.82,3.48,0.45,3.04,269.88,2.33,5.11,0.62,4.48,261.31,67.88,26.73
2021,3,7,97,1.45,2.52,0.33,2.2,182.81,1.98,3.02,1,2.02,148.12,59.75,27.21
2021,3,8,97.01,1.95,3.58,0.52,3.05,177.31,2.83,4.56,0.48,4.08,172.75,58.69,26.94
2021,3,9,97.06,1.59,2.81,0.16,2.65,153.62,2.42,4.18,0.2,3.98,141.44,54.44,27.23
2021,3,10,97.08,1.62,3.2,0.17,3.02,168.5,2.31,4.02,0.72,3.3,168.56,62.44,26.74
2021,3,11,97.1,1.61,2.7,0.52,2.18,170.75,2.31,3.59,0.63,2.96,169.88,68.88,26
2021,3,12,97.15,1.12,2.28,0.27,2.02,197.75,1.47,2.71,0.65,2.05,190.25,66.56,27.12
2021,3,13,97.09,1.38,2.73,0.17,2.55,180.62,1.9,3.18,0.52,2.66,141,57.25,27.16
2021,3,14,96.95,2.01,3.36,1,2.36,181.62,2.84,4.7,0.76,3.95,180.19,57.19,26.92
2021,3,15,96.91,1.67,3.22,0.27,2.95,217.12,2.25,4.58,0.45,4.13,214.62,64.81,27.48
2021,3,16,96.91,1.93,3.37,0.73,2.64,178.81,2.7,4.78,0.48,4.3,177.12,60.06,27.49
2021,3,17,96.81,1.73,3.68,0.62,3.05,166.75,2.45,4.43,0.75,3.69,162.12,56.88,27.69
2021,3,18,96.87,1.79,3.57,0.43,3.14,200.38,2.39,5.07,0.34,4.73,184.25,63.44,27.62
2021,3,19,96.83,1.63,4.04,0.77,3.27,216.31,1.91,5.07,0.66,4.41,192.62,63.44,28.01
2021,3,20,96.76,1.92,3.68,0.73,2.96,229.62,2.49,5.06,0.84,4.23,227.62,61.94,27.8
2021,3,21,96.74,1.73,3.57,0.48,3.09,198.88,2.29,4.81,0.49,4.33,198,66.38,27.82
2021,3,22,96.84,1.72,3.66,0.54,3.12,178.06,2.27,5.16,0.38,4.79,176.44,63.19,28.3
2021,3,23,96.88,1.38,3.62,0.25,3.38,226.62,1.75,5.17,0.34,4.84,221.25,64.5,28.68
2021,3,24,96.9,1.52,3.12,0.32,2.8,207.75,2.05,4.27,0.24,4.02,207.12,64.88,28.3
2021,3,25,96.88,1.33,3.27,0.26,3.01,255.12,1.7,4.47,0.26,4.21,247.56,69.12,27.91
2021,3,26,96.76,1.06,3.19,0.16,3.03,148.56,1.45,3.62,0.2,3.42,139.75,60,29.48
2021,3,27,96.75,1.84,4.18,0.35,3.82,192.06,2.59,5.55,0.45,5.1,182.38,62.75,29.2
2021,3,28,96.75,1.59,3.13,0.07,3.06,249.62,2.06,4.36,0.26,4.1,225.62,65.62,28.98
2021,3,29,96.74,1.77,3.94,0.15,3.79,230.56,2.26,5.12,0.31,4.8,209.44,63.38,29.15
2021,3,30,96.71,2.34,3.34,1.45,1.9,281.69,2.95,4.18,1.66,2.52,281.88,70.5,28.17
2021,3,31,96.62,2.24,4.16,0.77,3.39,304.88,2.73,5.26,0.77,4.49,304,69.38,28.44
2021,4,1,96.64,2.78,4.18,1.85,2.33,306.12,3.68,5.16,2.35,2.8,305.94,64.81,27.97
2021,4,2,96.69,2.5,3.69,1.77,1.91,308.38,3.39,4.44,2.39,2.05,307.25,64.69,27.43
2021,4,3,96.78,2.58,4.11,1.55,2.56,286.56,3.37,4.81,2.02,2.78,284.5,67.81,26.61
2021,4,4,96.87,2.66,4.22,1.79,2.43,314.62,3.34,5.38,2.13,3.25,317.25,63.81,27.43
2021,4,5,96.79,2.7,4.31,1.53,2.77,255.5,3.55,5.78,1.79,4,232.31,63.44,28.83
2021,4,6,96.8,1.87,3.97,0.71,3.26,205.56,2.5,5.11,0.97,4.14,191.31,60.88,29.3
2021,4,7,96.91,1.99,4.31,0.95,3.36,209.38,2.51,5.57,1.01,4.57,207.5,62.69,29.42
2021,4,8,96.79,2.01,4.15,0.57,3.58,271.38,2.37,5.2,0.7,4.51,266.81,62.5,28.98
2021,4,9,96.7,1.76,4.09,0.37,3.72,278.94,2.04,5.21,0.44,4.77,265.56,61.38,29.12
2021,4,10,96.79,1.59,3.44,0.18,3.27,224.62,1.93,4.56,0.2,4.36,207.62,63,29.25
2021,4,11,96.95,1.52,3.16,0.66,2.49,260.19,1.87,4.24,0.09,4.15,251.88,66.94,28.59
2021,4,12,97.01,1.54,3.47,0.16,3.31,258.5,1.97,4.26,0.1,4.15,239.62,72.94,28.05
2021,4,13,97,1.67,3.42,0.95,2.48,220.62,2.3,4.48,1.15,3.33,214.81,74.62,27.76
2021,4,14,96.95,1.34,2.66,0.21,2.44,225.12,1.93,3.78,0.21,3.57,207.81,74.75,27.36
2021,4,15,96.95,1.84,3.36,0.68,2.68,215.06,2.47,4.05,0.78,3.27,213.38,73.81,27.32
2021,4,16,96.89,1.79,3.44,0.65,2.79,264.81,2.34,4.35,0.91,3.45,253.88,74.25,27.48
2021,4,17,96.93,1.66,3.11,0.82,2.28,288.81,2.22,3.84,0.91,2.93,291.44,74.31,27.85
2021,4,18,97.04,1.73,3.43,0.15,3.28,252.12,2.27,4.21,0.12,4.09,247.31,73.31,27.96
2021,4,19,96.94,1.73,2.35,1.23,1.12,257.94,2.57,3.12,1.57,1.56,256.69,77.12,27.08
2021,4,20,96.83,1.62,2.93,0.17,2.76,218.81,2.51,4.52,0.49,4.03,210,74.5,27.39
2021,4,21,96.95,1.73,2.99,0.23,2.77,297.38,2.45,4.13,0.33,3.8,285.56,73.5,27.44
2021,4,22,96.93,1.81,2.91,1.1,1.8,306.25,2.4,3.7,1.48,2.23,306.69,75.5,27.26
2021,4,23,96.95,1.49,2.48,0.84,1.63,261.5,2.07,3.52,0.81,2.71,260.75,77.56,26.83
2021,4,24,96.84,1.68,3.12,0.3,2.82,282.31,2.14,4.12,0.27,3.84,244.62,72.5,27.98
2021,4,25,96.8,1.59,2.77,0.65,2.12,185.62,2.39,4.16,1.13,3.03,182.25,72.5,28.31
2021,4,26,96.76,1.73,3.1,0.43,2.67,260.81,2.45,4.47,0.48,3.98,233,68.81,29.12
2021,4,27,96.84,1.54,2.8,0.26,2.55,292.5,2.09,3.96,0.37,3.59,258.31,72.81,28.2
2021,4,28,96.93,1.48,2.52,0.7,1.82,296.56,2.05,4.31,0.78,3.53,301.56,73.25,28.27
2021,4,29,96.85,1.92,3.02,1.07,1.96,298.38,2.48,4.02,0.86,3.16,299.06,70.69,28.67
2021,4,30,96.72,1.67,2.41,0.48,1.93,183.19,2.38,3.49,0.48,3.02,171.44,67.19,29.21
2021,5,1,96.7,1.65,3.25,0.2,3.05,258.06,2.1,4.03,0.19,3.84,234.19,71.62,29.08
2021,5,2,96.76,1.21,2.04,0.27,1.77,289.88,1.76,3.75,0.1,3.65,291.81,75.88,28.12
2021,5,3,96.68,1.66,3.24,0.26,2.98,222,2.19,4.37,0.18,4.2,213.19,72.5,28.69
2021,5,4,96.68,1.38,1.81,0.95,0.87,292,2.06,3.07,1.17,1.9,296.19,79.06,27.65
2021,5,5,96.68,1.44,2.84,0.49,2.34,261.19,1.87,3.4,0.23,3.16,262.5,79.44,28.21
2021,5,6,96.74,1.52,3.19,0.63,2.55,238.19,1.91,3.88,0.83,3.05,233.5,81.62,27.84
2021,5,7,96.8,1.09,2.59,0.17,2.42,213.25,1.42,3.13,0.12,3.01,203.81,77.19,28.25
2021,5,8,96.71,1.31,3.06,0.32,2.74,220.19,1.78,3.84,0.37,3.47,213.12,77.12,28.28
2021,5,9,96.69,1.4,1.95,1.09,0.84,254.19,2.05,2.62,1.3,1.33,254.38,82.44,27.35
2021,5,10,96.66,1.62,2.56,1.04,1.52,282.81,2.35,3.04,1.3,1.73,283.69,81.81,27.6
2021,5,11,96.68,1.62,1.93,1.33,0.6,288.06,2.48,3.27,1.52,1.75,289,84.44,27.57
2021,5,12,96.6,1.83,2.41,1.26,1.16,291,2.7,3.93,1.26,2.67,289.06,84.75,27.26
2021,5,13,96.54,2.1,2.84,1.29,1.55,253.81,3.18,4.39,1.66,2.73,252.12,84.75,27.07
2021,5,14,96.27,4.02,5.41,2.74,2.66,146.69,5.73,7.61,4.56,3.05,148.25,80.81,26.83
2021,5,15,95.89,7.05,12.76,3.23,9.52,142.5,9.87,17.15,5.23,11.91,144.44,88.81,25.55
2021,5,16,96.24,6.29,8.27,4,4.27,204.62,8.88,11.41,6.19,5.23,204.62,87.12,26.49
2021,5,17,96.59,4.02,5.73,2.92,2.8,194.75,5.93,7.73,4.79,2.95,196,89.06,26.17
2021,5,18,96.64,3.62,4.6,2.58,2.02,195.56,5.39,6.25,4.14,2.11,196.69,89.69,26.3
2021,5,19,96.66,2.86,3.79,1.9,1.89,213.44,4.32,5.01,3.29,1.73,213.88,88.69,26.15
2021,5,20,96.74,2.55,3.49,1.66,1.84,210.94,3.78,4.55,2.99,1.57,212.81,86.69,25.74
2021,5,21,96.79,2.29,3.6,1.47,2.13,207.19,3.37,4.58,2.52,2.05,210.56,85.25,25.53
2021,5,22,96.78,1.87,2.45,1.53,0.91,232.62,2.87,3.16,2.43,0.73,234.25,86.06,25.4
2021,5,23,96.82,2.05,3.3,1.28,2.02,275,3.09,4.21,2.19,2.02,273.06,82.88,25.82
2021,5,24,96.87,2.38,3.27,1.74,1.52,288.62,3.56,4.12,3.08,1.05,286.81,83.56,26.1
2021,5,25,96.73,3.04,3.93,2.34,1.6,278.19,4.59,5.23,3.8,1.44,277.12,88.38,25.65
2021,5,26,96.72,4.02,5.3,3.03,2.27,260.56,5.84,6.91,4.84,2.07,260.69,86.19,25.61
2021,5,27,96.76,3.38,4.88,1.91,2.97,274.38,5,6.27,3.52,2.75,274,82,26.11
2021,5,28,96.82,2.35,3.5,1.38,2.12,256,3.6,4.55,2.63,1.92,255.62,86.25,25.89
2021,5,29,96.87,2.68,3.7,1.66,2.04,251.06,4.04,4.68,3.15,1.54,250.19,83.88,26.09
2021,5,30,96.84,2.61,3.8,1.47,2.34,242.06,3.79,4.81,2.59,2.22,241.44,84.12,25.52
2021,5,31,96.58,3,3.72,1.65,2.07,232.62,4.29,4.82,3.06,1.76,231.44,87.94,25.88
2021,6,1,96.57,2.7,4.1,1.41,2.7,236.31,4,5.39,2.42,2.97,236.44,89,26.47
2021,6,2,96.63,1.73,2.63,1.02,1.61,227.06,2.59,3.34,1.83,1.51,227.94,88.25,25.89
2021,6,3,96.71,1.7,3,0.26,2.74,250.44,2.51,3.72,0.47,3.25,246.25,86,26.69
2021,6,4,96.81,1.85,2.33,1.26,1.07,243.31,2.88,3.87,1.63,2.23,244.38,88.81,25.94
2021,6,5,96.81,2.52,3.53,1.9,1.63,216.38,3.68,4.66,2.34,2.32,215.44,82.81,25.32
2021,6,6,96.82,1.92,3.08,1.27,1.81,234.31,2.8,3.91,1.6,2.3,236.44,80.69,25.44
2021,6,7,96.89,2.01,3.4,1.25,2.15,274.94,2.98,4.32,1.86,2.46,274.06,83.38,25.45
2021,6,8,96.84,2.65,4.35,1.43,2.92,277.19,3.93,5.59,2.7,2.9,276,85.19,25.73
2021,6,9,96.75,3.47,5.33,2.34,2.99,272.19,5.15,7.09,4.22,2.88,271.5,86.12,26.06
2021,6,10,96.66,3.59,5.22,2.62,2.6,266.81,5.33,6.94,4.34,2.59,266.44,86.19,25.68
2021,6,11,96.73,3.26,4.46,2.26,2.2,258.94,4.88,5.82,3.97,1.85,258.75,86.19,25.88
2021,6,12,96.8,3.22,4.67,1.88,2.8,261.38,4.85,6.36,3.17,3.19,261.12,85.25,24.56
2021,6,13,96.74,3.67,6.23,1.65,4.59,267.06,5.57,8.55,2.95,5.6,267.44,85,24.65
2021,6,14,96.58,5.53,7.98,2.69,5.29,250.69,8,10.86,4.56,6.3,251.12,89.5,25.23
2021,6,15,96.57,4.54,5.87,3.64,2.23,260.81,6.8,8.27,5.45,2.82,260.81,89.81,25.26
2021,6,16,96.68,4.74,5.52,3.36,2.16,245.75,7.09,7.97,5.48,2.48,246.38,91.12,25.62
2021,6,17,96.76,4.84,6.27,3.84,2.44,245.69,7.18,8.66,5.95,2.7,246.25,88.75,25.95
2021,6,18,96.88,4.61,5.94,2.99,2.95,243,6.83,8.19,5,3.19,243.38,88.25,25.46
2021,6,19,96.99,4.4,5.5,3.14,2.36,244.88,6.59,7.66,4.94,2.72,245.31,89.12,25.55
2021,6,20,97,3.32,4.3,2.02,2.27,264.75,5.04,6.26,3.54,2.73,264.5,90.19,25.22
2021,6,21,96.91,2.87,3.79,1.87,1.92,276.19,4.32,4.98,3.49,1.48,274.81,90.12,25.27
2021,6,22,96.82,2.88,4.04,1.93,2.11,292.81,4.36,5.23,3.59,1.63,291.5,89.12,25.4
2021,6,23,96.82,2.91,4.18,2.17,2.01,289.81,4.38,5.46,3.68,1.77,288.56,87.62,25.51
2021,6,24,96.88,3.16,4.52,2.3,2.22,274.81,4.75,6.01,4.04,1.97,273.88,86.94,25.41
2021,6,25,96.79,2.98,4.07,2.27,1.8,277,4.51,5.36,3.69,1.67,275.75,87.12,25.16
2021,6,26,96.76,3.27,4.34,1.86,2.47,283.19,4.92,5.73,3.46,2.27,282.19,87.62,25.18
2021,6,27,96.89,2.07,3.12,0.84,2.28,299.25,3.12,4.16,1.3,2.86,297.62,83.62,23.72
2021,6,28,96.77,2,3.95,0.87,3.09,235.19,2.75,4.86,1.27,3.59,233.38,84.19,23.82
2021,6,29,96.7,2.11,3.56,1.09,2.48,269.19,2.98,4.45,1.44,3.02,266.94,84.38,25.26
2021,6,30,96.72,2.14,3.8,1.04,2.77,284.5,3.12,4.79,1.45,3.33,282.44,84.81,25.69
2021,7,1,96.62,2.88,4.41,1.87,2.55,285.31,4.24,5.68,3.08,2.59,283.56,89.25,25.7
2021,7,2,96.7,2.39,3.2,1.38,1.82,260,3.68,4.84,2.52,2.34,258.38,89.56,25.22
2021,7,3,96.77,2.34,3.95,1.43,2.52,268.56,3.51,5.12,2.64,2.48,267.12,89.38,25.05
2021,7,4,96.75,2.34,3.75,1.4,2.36,289.25,3.39,4.8,2.17,2.63,288.56,89.31,24.94
2021,7,5,96.69,2.47,3.86,1.58,2.29,292.19,3.57,4.73,2.48,2.24,291.69,85.81,24.44
2021,7,6,96.53,2.95,4.05,2.12,1.93,291,4.34,5.12,3.75,1.38,290.38,87.31,25.31
2021,7,7,96.52,3.64,5.36,1.99,3.37,281.06,5.28,6.98,3.64,3.34,280.38,92.12,24.93
2021,7,8,96.63,2.65,3.33,1.84,1.48,278.94,3.94,5.3,3.12,2.17,277.12,88.88,24.91
2021,7,9,96.47,3.31,5.98,0.71,5.27,265.25,4.73,7.92,1.13,6.79,277.44,92.19,23.92
2021,7,10,96.49,3.34,4.49,2.37,2.13,265,4.99,6.12,4,2.11,264.44,88.06,23.37
2021,7,11,96.49,3.77,6.38,2.14,4.23,268.44,5.55,8.56,3.66,4.9,267.75,90.56,23.56
2021,7,12,96.47,4.22,5.79,3.09,2.7,262.81,6.25,7.78,5.19,2.59,262.88,90.38,24.54
2021,7,13,96.51,4.62,6.84,3.29,3.55,261.75,6.79,9.34,5.34,4,261.75,91.62,24.83
2021,7,14,96.59,4.7,6.22,3.2,3.02,266,6.98,8.55,5.39,3.16,266.31,92.06,24.7
2021,7,15,96.53,4.8,6.59,3.07,3.52,254.75,7.02,8.93,5.17,3.76,255.19,93.31,24.65
2021,7,16,96.72,4.27,5.64,3.12,2.52,265.38,6.26,7.67,5.21,2.45,265.62,92.19,24.71
2021,7,17,96.78,4.12,5.29,3.19,2.11,279.62,6.02,7.02,5.03,1.99,279.5,91.5,24.79
2021,7,18,96.7,4.59,5.78,2.96,2.81,280.19,6.66,7.75,5.01,2.74,280,94.06,24.55
2021,7,19,96.75,4.06,5.74,2.81,2.93,280.12,6.07,7.78,4.76,3.02,280.19,92.38,24.62
2021,7,20,96.97,4.48,6.2,3.27,2.93,268.81,6.68,8.6,5.37,3.23,269.25,91.31,24.54
2021,7,21,96.91,4.45,6.11,3.02,3.09,272.81,6.67,8.55,5.04,3.52,273.31,92.31,24.7
2021,7,22,96.67,4.97,6.48,3.43,3.05,266.88,7.38,8.88,5.69,3.19,267.44,94.25,23.94
2021,7,23,96.56,4.74,6.1,3.5,2.6,266,7.01,8.33,5.89,2.44,266.62,92.94,24.54
2021,7,24,96.64,4.21,5.88,2.83,3.05,271.62,6.3,8.11,4.8,3.31,272.19,93.31,24.83
2021,7,25,96.79,4.36,5.88,2.77,3.1,257.31,6.41,8.02,4.71,3.3,257.69,93.81,24.62
2021,7,26,96.82,3.66,4.88,2.42,2.46,260.69,5.47,6.62,4.2,2.42,260.75,91.69,24.58
2021,7,27,96.75,3.82,5.73,2.33,3.41,256.69,5.66,7.82,4.02,3.8,257.12,90.94,24.72
2021,7,28,96.83,3.91,5.25,2.68,2.57,250.69,5.85,7.19,4.52,2.66,251.19,89.5,24.76
2021,7,29,96.88,4.19,5.86,2.99,2.88,262.88,6.18,7.88,5.09,2.78,263.25,89.75,24.76
2021,7,30,96.95,4.14,5.8,2.93,2.87,268.12,6.16,7.91,4.98,2.93,268.38,90.38,24.8
2021,7,31,96.99,3.98,5.74,2.84,2.91,275.06,5.92,7.85,4.78,3.07,274.81,90.38,24.78
2021,8,1,96.92,3.69,5.12,2.44,2.69,273.81,5.5,6.9,4.25,2.65,273.5,89.44,24.55
2021,8,2,96.92,3.86,5.39,2.63,2.75,263.69,5.73,7.24,4.52,2.72,263.44,87.81,24.6
2021,8,3,97.03,3.75,5.37,2.51,2.86,265.31,5.6,7.32,4.32,3,265.75,90.06,24.74
2021,8,4,97.08,4.08,5.74,2.8,2.95,263.88,6.12,7.97,4.77,3.2,264.38,91,24.75
2021,8,5,96.9,4.47,6.36,2.6,3.75,270.06,6.73,8.91,4.53,4.38,270.25,90.31,24.98
2021,8,6,96.8,4.09,5.91,2.58,3.34,269.31,6.1,8.12,4.41,3.71,269.38,90.38,25.04
2021,8,7,96.81,4.19,5.76,2.37,3.39,267.69,6.2,7.91,4.12,3.8,267.75,91.25,25.25
2021,8,8,96.83,2.73,4.34,1.59,2.75,258.38,4.09,5.8,2.99,2.81,257.94,90.75,24.87
2021,8,9,96.85,2.65,4.02,1.73,2.29,246.94,3.94,5.29,2.8,2.48,246.56,91.81,24.76
2021,8,10,96.84,2.7,3.92,1.77,2.16,268.44,4.05,5.14,3.14,2,267.44,92.88,24.26
2021,8,11,96.83,2.76,4.4,1.77,2.62,279.69,4.09,5.64,3.23,2.41,280,91.06,24.52
2021,8,12,96.94,2.72,3.96,1.93,2.04,286.19,4.16,5.23,3.54,1.7,285.25,92.88,24.21
2021,8,13,96.84,3.47,5.08,2.38,2.7,294.31,5.15,6.76,3.89,2.87,294,90.69,24.65
2021,8,14,96.75,3.28,5.34,2.08,3.26,279.06,4.88,7.08,3.6,3.48,278.19,90.38,24.38
2021,8,15,96.77,3.28,4.68,2.23,2.45,273.75,4.92,6.25,3.91,2.34,273.25,90.19,24.52
2021,8,16,96.82,2.82,3.93,1.63,2.3,280,4.34,5.46,3.05,2.42,278.81,91,24.57
2021,8,17,96.85,2.23,3.93,0.34,3.6,262.06,3.41,5.38,0.77,4.61,261,88.94,24.61
2021,8,18,96.77,2.62,3.96,1.74,2.21,206.5,3.88,5.24,2.17,3.06,210.12,89.5,23.43
2021,8,19,96.76,2.52,3.56,1.72,1.84,227.56,3.8,4.74,2.68,2.05,231.12,85.75,23.51
2021,8,20,96.78,1.96,3.48,0.88,2.59,281.06,3.09,4.77,1.48,3.28,278.5,85.75,23.99
2021,8,21,96.87,1.26,2.35,0.38,1.97,229,1.82,3.3,0.68,2.62,223.88,83.25,23.95
2021,8,22,96.81,1.66,2.89,0.64,2.25,183.94,2.44,3.92,0.82,3.11,197.44,82.5,24.45
2021,8,23,96.81,1.76,3.25,0.65,2.6,241.88,2.53,4.12,0.94,3.18,241.94,86.88,24.59
2021,8,24,96.82,2.07,3.48,0.93,2.55,224.69,3.07,4.44,1.92,2.52,225.69,86.12,24.48
2021,8,25,96.71,2.26,2.77,1.6,1.16,207,3.39,3.72,2.96,0.76,208.25,90.25,24.58
2021,8,26,96.59,2.27,3.7,1.3,2.4,224.5,3.3,4.7,2.12,2.59,224.69,88.69,24.95
2021,8,27,96.56,3.01,4.66,2.08,2.59,275,4.52,6.12,3.62,2.51,273.38,91,24.87
2021,8,28,96.53,2.84,3.73,2.38,1.34,277.44,4.35,4.94,3.66,1.28,276.69,92.06,24.23
2021,8,29,96.56,2.3,4.05,1.09,2.98,273.38,3.51,5.49,2.09,3.4,271.69,91.5,23.74
2021,8,30,96.58,2.56,4.16,1.29,2.87,277.88,3.95,5.73,2.44,3.3,275.5,89.5,24.16
2021,8,31,96.64,1.88,2.91,1.18,1.73,269.88,2.83,3.88,2.12,1.76,267.12,88.88,24.31
2021,9,1,96.78,2.88,4.59,1.66,2.93,263.5,4.4,6.2,3.2,3,262.19,88.62,24.92
2021,9,2,96.76,2.75,4.62,1.56,3.06,277.38,4.16,6.11,2.98,3.13,275.81,89.75,24.93
2021,9,3,96.74,2.55,3.93,1.31,2.62,253.06,3.76,5.12,2.02,3.11,253,91,24.33
2021,9,4,96.77,3.02,4.32,2.05,2.27,268.75,4.5,5.69,3.59,2.1,268,91.12,24.46
2021,9,5,96.76,3.38,4.48,2.24,2.23,274.56,5.05,6.64,3.33,3.31,274.25,91.5,24.41
2021,9,6,96.75,3.01,3.65,2.16,1.48,247.69,4.66,5.89,3.16,2.73,250.56,92.25,23.96
2021,9,7,96.7,3.49,4.68,2.63,2.05,261.69,5.35,6.35,4.44,1.91,261.94,92.12,24.34
2021,9,8,96.8,4.15,6.16,2.71,3.44,242.38,6.2,8.46,4.62,3.84,242.88,91.06,24.58
2021,9,9,96.91,3.36,4.84,1.81,3.02,255.56,5.02,6.52,3.26,3.26,255.56,90.5,24.58
2021,9,10,96.91,3.19,4.85,2.06,2.8,269.38,4.79,6.57,3.62,2.95,268.69,90.12,24.45
2021,9,11,96.8,3.5,5.37,2.32,3.05,247.38,5.24,7.36,3.98,3.38,247.88,90.38,24.67
2021,9,12,96.7,4.34,6.02,2.88,3.13,249.5,6.48,8.4,4.84,3.55,249.62,91.88,24.8
2021,9,13,96.62,4.48,6.12,3.19,2.93,257.69,6.66,8.47,5.3,3.16,257.94,92.5,24.76
2021,9,14,96.67,3.42,5.01,2.03,2.98,254.19,5.16,6.9,3.58,3.32,254.06,91.62,24.75
2021,9,15,96.75,2.91,4.62,1.87,2.76,239.38,4.38,6.23,3.33,2.9,239.19,90.62,24.74
2021,9,16,96.74,2.97,4.46,1.71,2.74,260.25,4.45,5.94,3.17,2.77,259.06,89.19,24.83
2021,9,17,96.71,2.02,3.41,1.22,2.18,275.62,3.06,4.36,2.12,2.23,272.94,88.38,24.72
2021,9,18,96.82,1.8,2.89,1.24,1.65,298.19,2.68,3.81,1.64,2.17,296.25,85.88,25.01
2021,9,19,96.96,1.97,2.93,1.15,1.78,308.56,2.92,3.74,1.35,2.39,307.69,85.56,25.17
2021,9,20,96.9,2.28,3.33,1.69,1.64,309.81,3.43,4.45,2.35,2.09,308.5,87.75,25.21
2021,9,21,96.84,2.38,2.91,2.01,0.91,295.5,3.65,4.14,3.22,0.92,294.06,89.75,24.71
2021,9,22,96.67,2.7,4.24,1.73,2.51,303.06,4.08,5.56,3.02,2.55,301.81,89.94,24.73
2021,9,23,96.7,2.52,4.32,1.47,2.84,291.56,3.86,5.83,2.77,3.05,289.56,90.38,24.82
2021,9,24,96.75,2.44,3.39,1.7,1.69,292.12,3.7,4.42,3.06,1.36,290.31,88.81,24.98
2021,9,25,96.74,2.13,3.01,1.61,1.4,281.5,3.27,3.88,2.75,1.13,279.38,88.19,24.9
2021,9,26,96.58,2.18,3.11,1.43,1.67,284.12,3.32,4.07,2.07,1.99,282.38,87.75,24.62
2021,9,27,96.5,2.87,3.95,2.26,1.7,272.62,4.35,5.38,3.38,2,271.56,89.12,24.5
2021,9,28,96.63,3.41,5.06,2.48,2.58,246.5,5.27,7.1,4.38,2.73,246.25,89.44,24.62
2021,9,29,96.79,2.26,3.3,1.55,1.75,203.25,3.55,4.48,2.49,1.98,206.12,89.81,24.3
2021,9,30,96.85,1.97,2.92,1.54,1.38,231.69,2.98,3.73,2.17,1.56,232.5,88.5,25.08
2021,10,1,96.78,1.95,3.16,0.89,2.27,284.75,2.93,4.06,0.96,3.1,272.81,87.69,25.45
2021,10,2,96.63,1.92,2.7,0.2,2.5,262.25,2.69,4.09,0.47,3.62,236.94,90.75,25.61
2021,10,3,96.66,1.32,2.39,0.03,2.35,237.19,2.02,3.26,0.71,2.55,201.44,88.5,26.01
2021,10,4,96.62,1.53,2.77,0.91,1.85,256.19,1.98,3.31,0.95,2.36,253.69,87.56,26.13
2021,10,5,96.59,1.14,1.85,0.13,1.72,251.38,1.54,2.48,0.22,2.27,245.19,86.88,26.04
2021,10,6,96.54,2.05,3.23,0.86,2.37,253.12,2.57,4.04,0.88,3.16,251.75,91,25.04
2021,10,7,96.61,1.88,2.7,1.07,1.63,236.12,2.8,4.12,1.8,2.33,237,86.88,24.98
2021,10,8,96.71,2.08,3.18,1.13,2.04,214.12,3.21,4.18,2.2,1.98,216.31,89.94,25.2
2021,10,9,96.84,2.01,2.77,1.54,1.23,218.12,3.12,3.66,2.67,0.99,220.31,89.69,25.4
2021,10,10,96.82,1.88,2.55,0.88,1.67,239.5,2.84,3.7,1.66,2.05,239.31,89.88,24.8
2021,10,11,96.68,1.73,3.08,0.52,2.56,251.12,2.46,3.88,0.66,3.22,252.38,86.88,24.89
2021,10,12,96.67,2.43,2.95,2.02,0.93,229.81,3.67,4.87,2.62,2.24,230.44,89.31,24.69
2021,10,13,96.6,2.64,3.53,1.68,1.85,192.94,3.95,4.97,2.85,2.12,196,89.56,24.89
2021,10,14,96.49,2.04,2.7,1.3,1.41,182.75,3.05,4.03,2.29,1.74,185.75,88.75,25.46
2021,10,15,96.23,0.98,1.48,0.33,1.15,227.06,1.34,2.33,0.26,2.07,221.5,91.88,25.27
2021,10,16,96.22,1.79,3.27,0.95,2.32,279.12,2.74,4.32,1.23,3.09,255.56,89.38,25.66
2021,10,17,96.49,1.97,2.64,1.3,1.34,264.5,3.09,4.06,2.52,1.55,263.25,91.5,24.93
2021,10,18,96.77,2.24,3.13,1.46,1.67,279.12,3.43,4.17,2.8,1.38,276.06,88.12,24.96
2021,10,19,96.98,2.17,2.61,1.61,0.99,315.38,3.25,4.04,1.98,2.06,314.12,83.75,24.83
2021,10,20,97.07,2.1,2.7,1.24,1.45,318.75,2.95,3.92,1.12,2.81,321,86.19,25.26
2021,10,21,97.07,1.38,2.11,0.65,1.46,272.88,2.06,3.57,0.75,2.82,262.5,90.62,25.07
2021,10,22,97.06,1.23,1.91,0.64,1.27,129.62,1.99,3.16,1.38,1.78,135.69,87.25,25.76
2021,10,23,97.18,1.66,2.17,0.84,1.34,231.12,2.42,3.71,1.03,2.68,226.38,91.75,24.67
2021,10,24,97.2,1.63,2.79,0.53,2.26,275.81,2.42,3.55,0.64,2.91,273.56,85.88,24.4
2021,10,25,96.97,1.74,2.3,0.99,1.31,222.12,2.48,3.45,0.99,2.45,183.81,85.75,25.05
2021,10,26,96.84,1.55,2.89,0.23,2.66,121.56,2.37,3.83,0.21,3.62,123.62,84.81,25.28
2021,10,27,96.88,1.42,3.17,0.23,2.95,119.94,2.23,4.41,0.44,3.97,98.12,79.81,25.56
2021,10,28,96.9,1.43,2.04,0.77,1.27,128.06,2.34,3.25,1.34,1.92,116.56,78.06,25.38
2021,10,29,96.99,1.7,2.88,1.09,1.78,152.25,2.59,4.07,1.26,2.81,136.75,83.25,24.86
2021,10,30,97.02,1.28,2.88,0.11,2.77,113.56,2.2,4.12,0.5,3.62,93.75,83.38,26.07
2021,10,31,97.01,1.01,1.79,0.22,1.56,175.75,1.68,3.02,0.99,2.04,164.75,84.12,25.85
2021,11,1,96.88,1.12,1.6,0.64,0.97,173.44,1.71,2.39,1.17,1.22,160.12,83.25,25.97
2021,11,2,96.82,1.45,2.75,0.49,2.26,109.94,2.34,4.07,0.7,3.36,108.94,83.56,25.64
2021,11,3,96.86,1.6,3.21,0.09,3.12,159.94,2.36,4.36,0.3,4.06,148.88,86.44,25.15
2021,11,4,96.87,0.95,2.03,0.07,1.96,188.81,1.41,2.71,0.06,2.65,161,87.44,25.09
2021,11,5,96.87,1.96,2.55,0.28,2.27,190.94,2.91,3.88,0.75,3.12,186.06,92.56,24.5
2021,11,6,96.82,1.82,2.59,1.31,1.27,167.5,2.61,3.37,1.89,1.48,169.44,85.06,24.98
2021,11,7,96.82,1.28,1.82,0.51,1.32,133.69,1.88,3.28,0.74,2.53,124.81,83.44,24.69
2021,11,8,96.92,0.98,1.72,0.34,1.38,164.06,1.41,2.42,0.52,1.91,153.38,80,24.22
2021,11,9,96.93,1.02,1.74,0.35,1.39,136.31,1.49,2.53,0.3,2.23,126.81,81.31,24.86
2021,11,10,96.87,0.75,1.1,0.34,0.77,94.62,1.38,1.96,0.88,1.09,83.88,81.38,24.68
2021,11,11,96.72,1.73,2.16,1.22,0.94,39.75,2.62,3.27,1.84,1.44,40.44,77.81,23.73
2021,11,12,96.62,1.94,2.27,1.52,0.75,172.62,2.96,3.47,2.2,1.27,173.75,89.25,22.4
2021,11,13,96.63,1.65,3.23,0.29,2.94,179.81,2.09,4.03,0.37,3.66,173.06,88.5,24.58
2021,11,14,96.63,1.31,2.04,0.75,1.29,153.5,1.95,3.44,1.05,2.4,153.88,88.56,25.37
2021,11,15,96.42,3.88,5.36,2.21,3.16,98.75,5.45,7.05,3.23,3.82,102.31,94.12,24.76
2021,11,16,96.55,1.86,3.45,0.8,2.66,172.31,2.66,4.34,0.96,3.38,168.38,92.75,24.23
2021,11,17,96.77,2.7,3.63,1.95,1.68,172.12,4,4.69,3.37,1.33,172.62,90.06,24.88
2021,11,18,96.74,0.73,2.05,0.06,1.98,193.19,1.2,3.53,0.29,3.25,149,84.62,25.37
2021,11,19,96.47,2.05,2.91,1.05,1.85,156.62,3.16,4.76,1.94,2.81,160.81,89.25,24.12
2021,11,20,96.43,3.05,4.94,1.85,3.09,259.69,4.42,6.51,1.87,4.64,260.94,93.94,24.51
2021,11,21,96.79,1.99,3.02,1.05,1.96,207.56,3.07,5.12,1.48,3.65,207.56,91.19,24.2
2021,11,22,96.93,1.2,1.98,0.52,1.46,210.62,1.73,2.7,0.7,1.99,190.69,86,25.09
2021,11,23,96.87,1.45,2.02,0.48,1.53,195.88,2.13,2.93,0.67,2.25,154.88,87.06,25.62
2021,11,24,96.83,1.1,1.97,0.52,1.45,122.31,1.77,2.84,0.52,2.33,111.62,84.44,25.95
2021,11,25,96.87,1.73,2.98,0.82,2.16,63.69,2.91,4.31,1.82,2.49,66.12,83.31,25.59
2021,11,26,96.91,1.79,2.95,0.69,2.26,106.75,2.84,4.23,1.18,3.04,96.5,81.88,25.28
2021,11,27,96.91,1.76,3.4,0.53,2.87,104.75,2.81,4.83,0.86,3.97,81.94,82.62,24.96
2021,11,28,96.93,3.09,4.42,1.25,3.17,63.88,4.69,6.08,2.2,3.88,65.38,79.44,24.17
2021,11,29,96.92,2.23,3.24,0.77,2.47,85.75,3.69,5.22,1.86,3.36,85.69,79.88,24.58
2021,11,30,96.94,1.98,3.68,0.84,2.84,119.31,3.05,5.29,1.26,4.03,113.56,84.31,24.76
2021,12,1,96.94,2.01,2.73,1.41,1.33,162.31,3.09,3.59,2.42,1.17,160.56,85.75,24.9
2021,12,2,96.94,1.73,2.19,0.45,1.75,216.56,2.48,3.6,0.62,2.98,221.06,86.25,25.15
2021,12,3,97.02,1.26,2.63,0.46,2.17,185.62,1.72,3.3,0.8,2.5,186.88,82.5,25.08
2021,12,4,97.06,1.06,2.38,0.2,2.17,239.12,1.54,2.95,0.27,2.68,237.38,81.12,25.06
2021,12,5,97.08,1.48,2.48,0.46,2.02,239.5,1.98,3.34,0.69,2.65,239.44,82,24.88
2021,12,6,97.04,2.23,2.72,1.54,1.18,238,3.27,4.34,1.8,2.55,225.38,82.19,24.02
2021,12,7,97,1.76,2.43,0.73,1.7,106,2.53,3.64,0.78,2.86,97.94,78.19,23.94
2021,12,8,97.01,1.45,2.42,0.41,2.02,138.25,2.2,3.63,0.45,3.19,138.44,76.25,24.58
2021,12,9,97.11,1.64,2.47,0.23,2.24,152.5,2.54,3.49,0.34,3.16,126.25,80.12,24.87
2021,12,10,97.12,2.08,4.04,0.41,3.62,68.06,3.35,5.61,1.14,4.47,70.94,80.25,24.79
2021,12,11,97.11,2.05,3.9,0.3,3.59,85.31,3.33,5.48,0.91,4.56,75.38,79.88,24.73
2021,12,12,97.11,2.2,4.03,0.5,3.54,79.06,3.59,5.68,1.38,4.3,79.69,79,25.02
2021,12,13,97.03,2.45,3.82,1.2,2.63,100.81,3.8,5.31,1.74,3.57,74.31,80.12,24.77
2021,12,14,96.97,1.85,3.22,0.12,3.1,97.19,2.97,4.66,0.23,4.44,84.19,79.31,24.8
2021,12,15,97.06,2.5,3.48,1.63,1.84,71,3.82,4.73,2.83,1.9,71.75,81,23.54
2021,12,16,97.13,2.2,3.72,0.37,3.35,64.56,3.41,4.88,0.69,4.19,69.75,77.31,24.23
2021,12,17,97.19,2,3.09,0.52,2.58,95.94,3.07,4.17,0.77,3.4,85.31,77.62,24
2021,12,18,97.15,2.7,3.47,1.69,1.78,63.88,4.16,5.21,2.55,2.66,65.81,76.25,22.69
2021,12,19,97.23,2.93,4.03,1.83,2.2,64,4.44,5.58,2.59,3,66.44,72.38,21.82
2021,12,20,97.22,2.27,3.55,0.74,2.81,64.44,3.48,5.56,1.27,4.3,69.62,71.69,21.76
2021,12,21,97.3,1.95,3.08,0.91,2.17,178.62,2.72,4.25,1.19,3.06,179.62,77,22.15
2021,12,22,97.16,1.13,1.83,0.17,1.66,149.81,1.49,2.48,0.2,2.29,145.25,76.56,23.36
2021,12,23,97.12,1.06,2.17,0.18,1.98,264.88,1.34,2.98,0.21,2.77,255,78.75,23.58
2021,12,24,97.13,1.18,2.09,0.12,1.97,197.5,1.66,2.98,0.05,2.93,196.25,78.88,23.4
2021,12,25,97.15,1.5,2,0.81,1.19,171.62,2.09,3.24,1.21,2.03,86.81,76.56,23.92
2021,12,26,97.24,1.34,2.01,0.35,1.66,166.38,1.88,3.35,0.51,2.84,165.62,75.38,23.45
2021,12,27,97.27,1.45,2.48,0.38,2.1,146.38,2.15,3.68,0.52,3.16,144.56,74.44,23.48
2021,12,28,97.22,1.4,2.42,0.48,1.95,146.44,2.07,3.21,0.5,2.7,143.5,71.06,23.58
2021,12,29,97.13,1.25,2.11,0.42,1.69,126.31,1.93,3.67,0.45,3.22,125.44,71.75,23.64
2021,12,30,97.19,2.14,3.58,0.58,3.01,89,3.32,5.16,0.93,4.23,90.44,74.75,23.58
2021,12,31,97.25,2.76,4.55,1.31,3.24,76.5,4.38,6.38,2.88,3.5,77.12,78.25,24.49
2022,1,1,97.29,2.34,4.36,0.45,3.91,97.44,3.68,6.02,0.83,5.19,74.44,77.06,25.04
2022,1,2,97.17,2.12,3.9,0.57,3.32,72.62,3.48,5.27,1.43,3.84,76.81,74.19,25.07
2022,1,3,97.17,2.02,3.33,0.95,2.38,58.25,3.15,4.36,1.37,2.99,61.75,74.06,24.22
2022,1,4,97.18,2.18,3.55,0.9,2.65,73.44,3.43,5,1.63,3.37,76.56,73.31,23.49
2022,1,5,97.22,1.42,2.19,0.57,1.62,171.88,2,3.32,0.68,2.64,172.81,74.88,23.32
2022,1,6,97.11,1.55,2.2,0.5,1.7,174.75,2.26,3.61,0.61,3,174.31,71.44,23.73
2022,1,7,97.16,1.27,2.07,0.2,1.87,207.5,1.83,3.86,0.2,3.65,206.19,76.94,23.81
2022,1,8,97.2,1.66,2.26,0.59,1.67,266.31,2.2,3.33,0.55,2.77,249,79,23.92
2022,1,9,97.09,1.91,2.27,1.2,1.08,229.38,2.6,3.59,1.22,2.36,213.25,80.44,23.47
2022,1,10,97.08,1.86,2.41,1.33,1.09,214.44,2.55,3.77,1.34,2.44,183.19,79.94,23.33
2022,1,11,97.13,2.17,2.65,0.76,1.89,185.06,3.12,4.41,0.48,3.94,182.94,79.81,23.23
2022,1,12,97.12,1.98,2.98,0.24,2.73,310.06,2.68,3.81,0.26,3.55,307.56,80.69,22.3
2022,1,13,97.11,1.64,2.52,0.32,2.2,275,2.2,3.18,0.55,2.62,269.81,78.38,21.92
2022,1,14,97.09,1.66,2.59,0.8,1.79,301.31,2.15,3.27,0.98,2.28,295.88,76.19,22.52
2022,1,15,97.11,1.85,2.57,0.68,1.89,212.5,2.47,3.77,0.55,3.2,209.5,76.88,22.87
2022,1,16,97.13,1.56,2.68,0.38,2.3,116.06,2.3,3.92,0.45,3.47,116.25,74.81,24.09
2022,1,17,97.27,1.5,2.26,0.15,2.11,68.62,2.46,3.48,0.63,2.86,71.81,76.06,24.63
2022,1,18,97.21,2.15,3.8,1.09,2.71,87.94,3.3,4.97,1.6,3.36,79.69,74.19,24.22
2022,1,19,97.1,2.23,3.38,1.44,1.95,90.94,3.48,4.66,2.32,2.34,94.69,72.81,23.55
2022,1,20,97,1.94,2.71,0.5,2.2,202.69,2.98,4.97,0.55,4.41,207.56,73.25,23
2022,1,21,97.04,2.14,2.62,1.29,1.34,197.81,3.16,4.9,1.7,3.2,197.94,74.81,23.17
2022,1,22,96.98,2.02,2.88,1.16,1.73,297,2.73,3.91,1.51,2.41,294.62,80.75,23.22
2022,1,23,96.98,2.29,2.87,1.92,0.95,305.5,3.18,3.53,2.49,1.04,303.06,80.44,22.29
2022,1,24,96.93,2.41,3.03,2.12,0.91,312.5,3.43,3.92,2.48,1.44,309.38,76.25,21.87
2022,1,25,96.92,2.05,2.71,0.45,2.27,221.06,2.9,4.33,0.16,4.17,217.94,73.19,21.12
2022,1,26,96.91,2.15,2.74,1.29,1.45,240.25,2.85,4,1.05,2.95,226.69,78.31,22.13
2022,1,27,96.84,2.23,3.49,1.29,2.2,76.38,3.54,4.68,2.41,2.27,69.12,78.19,23.98
2022,1,28,96.92,2.66,4.38,1.14,3.24,75.44,4.28,6,2.5,3.5,78.25,72.69,24.51
2022,1,29,97.06,2.28,4.05,0.25,3.8,143.06,3.41,5.43,0.1,5.32,136.5,69.06,24.31
2022,1,30,97.02,1.83,2.38,0.7,1.67,186.81,2.77,4.16,0.67,3.48,188.25,77.94,24.88
2022,1,31,96.95,1.73,2.5,0.26,2.24,183.06,2.57,4.32,0.21,4.11,183.75,77.56,25.03
2022,2,1,96.87,1.66,2.77,0.2,2.57,166.94,2.35,3.85,0.34,3.52,158.75,75.06,25.24
2022,2,2,96.98,1.78,2.72,0.61,2.11,208.19,2.49,4.09,0.87,3.22,205.62,75.69,24.87
2022,2,3,97.01,1.95,2.88,0.78,2.1,254.5,2.67,4.09,0.75,3.34,252.12,74.81,24.27
2022,2,4,96.96,2.03,2.95,1.34,1.61,306.44,2.65,3.48,1.73,1.75,303.94,72.06,23.01
2022,2,5,96.93,1.77,2.66,0.33,2.34,180.44,2.31,3.83,0.81,3.02,179.69,68.94,22.99
2022,2,6,97.14,2.08,2.99,0.78,2.21,190.81,2.85,3.68,1.19,2.5,190.06,75.62,23.63
2022,2,7,97.17,2.09,3.16,0.5,2.66,238.06,2.9,4.55,0.23,4.32,227.12,76.75,24.48
2022,2,8,97.07,2.13,3.03,0.41,2.62,254,2.74,4.31,0.12,4.2,227.81,76.44,24.55
2022,2,9,96.98,2.13,3.56,0.06,3.5,194,2.79,4.2,0.23,3.97,172.12,73.44,24.9
2022,2,10,96.95,1.72,3.09,0.33,2.77,172.31,2.18,3.96,0.27,3.7,157.5,69.38,24.95
2022,2,11,96.88,2.14,4.54,0.22,4.32,65.31,3.43,6.3,0.31,5.98,70,58.81,25.06
2022,2,12,96.9,1.92,3.23,0.78,2.45,123.12,2.95,4.3,1.06,3.24,125.69,61.31,25.19
2022,2,13,96.78,1.58,2.62,0.2,2.42,166.56,2.33,3.52,0.1,3.42,164.5,62.44,25.25
2022,2,14,96.81,1.33,2.74,0.28,2.45,181.38,1.78,3.38,0.21,3.17,180.19,64.19,25.26
2022,2,15,96.86,1.81,3,0.85,2.15,208.62,2.53,4.33,1.02,3.31,208.38,68.69,24.69
2022,2,16,96.72,2.01,2.87,0.57,2.3,223.44,2.66,3.88,0.71,3.16,222.31,68.25,24.48
2022,2,17,96.63,1.44,2.48,0.23,2.24,188.31,1.89,3.51,0.18,3.33,181.94,67.62,24.75
2022,2,18,96.72,1.5,2.9,0.73,2.16,174.69,2.05,3.62,0.8,2.81,173.38,67.94,25.53
2022,2,19,96.95,1.74,2.93,0.74,2.19,188.06,2.48,3.56,0.45,3.11,185.31,66.62,25.69
2022,2,20,96.95,2.08,2.82,1.6,1.22,192.75,3.02,3.94,2.27,1.68,193.31,69.31,25.17
2022,2,21,96.89,1.98,3.3,0.79,2.51,262.19,2.59,4.54,0.94,3.6,261.62,70.06,25.19
2022,2,22,96.96,1.87,3.44,0.55,2.89,289.38,2.29,4.41,0.21,4.2,251.56,70.25,25.37
2022,2,23,97.11,1.82,3.14,0.93,2.21,181.81,2.48,3.91,0.98,2.93,164.88,66.69,26.27
2022,2,24,97.23,1.38,3.22,0.27,2.95,181.38,2.05,4.08,0.4,3.68,174.19,66.69,25.68
2022,2,25,97.13,1.56,2.48,0.44,2.04,129.75,2.36,4.3,0.48,3.8,122.38,62.38,26.11
2022,2,26,97.11,2.1,3.3,0.19,3.11,166.75,3.15,5.3,0.24,5.06,159.62,48.56,25.18
2022,2,27,97.13,1.98,3.05,0.42,2.62,176.5,2.78,4.31,0.16,4.16,182,56.31,25.05
2022,2,28,97.1,1.89,2.8,0.39,2.41,188.25,2.69,3.93,0.77,3.16,166.19,55.19,25.55
2022,3,1,97.08,1.54,2.37,0.3,2.06,164.94,2.17,3.66,0.23,3.42,144.12,56.56,25.98
2022,3,2,97.03,1.62,2.77,0.39,2.39,118.44,2.73,3.93,0.38,3.55,119.88,50.38,26.28
2022,3,3,96.97,2.37,4.21,0.65,3.55,68.69,3.84,5.88,0.95,4.94,73.31,45.38,25.61
2022,3,4,96.98,2.22,3.43,0.91,2.53,91.12,3.52,5.03,1.12,3.91,97.94,51.19,25.83
2022,3,5,96.94,2,3.44,0.24,3.2,139.81,3.08,5.05,0.67,4.39,105.75,51.75,26.19
2022,3,6,96.89,1.75,2.75,0.77,1.98,149.44,2.83,4.13,1.16,2.97,114.19,54.44,26.65
2022,3,7,96.87,1.63,3.43,0.36,3.07,158.12,2.52,4.73,0.58,4.15,137.94,55.19,27.25
2022,3,8,96.94,1.89,3.13,0.71,2.41,210.88,2.65,4.66,0.55,4.11,201.19,65.75,27.19
2022,3,9,96.89,1.74,3.2,0.89,2.3,204.62,2.33,4.23,0.84,3.4,187.62,68.38,27.23
2022,3,10,96.86,1.84,3.41,0.58,2.83,187.75,2.77,5.13,0.4,4.73,186.12,63.62,27.2
2022,3,11,96.82,1.62,3.56,0.31,3.25,198.12,2.24,4.2,0.89,3.32,147.94,59,27.76
2022,3,12,96.78,1.85,3.05,0.95,2.1,139.25,3.08,4.94,1.66,3.28,116.75,57,26.33
2022,3,13,96.78,2.08,3.29,0.21,3.08,78.38,3.4,4.65,1.04,3.61,76.88,53.56,27.05
2022,3,14,96.84,2.07,2.93,0.86,2.07,176.19,3.07,4.33,1.77,2.55,154.62,55.38,27.08
2022,3,15,96.78,1.72,3.77,0.28,3.48,197.81,2.47,5.03,0.54,4.49,163.75,59.75,27.41
2022,3,16,96.71,1.5,3.62,0.42,3.2,242,1.84,4.43,0.5,3.93,216.19,63.56,27.91
2022,3,17,96.7,1.5,3.18,0.38,2.81,238.88,1.95,4.88,0.23,4.64,231.75,66.69,27.55
2022,3,18,96.7,1.92,3.23,0.43,2.8,249.06,2.5,4.36,0.59,3.77,247.69,68.81,27.73
2022,3,19,96.73,2.38,3.48,1.26,2.22,237.88,3.25,4.19,2.16,2.02,237.25,70.62,27
2022,3,20,96.72,2.23,3.47,1.41,2.05,239.06,3.1,4.26,2.54,1.72,238,71.19,26.5
2022,3,21,96.78,2.02,3.3,1.16,2.13,250.81,2.62,4.02,1.59,2.43,248,70.62,26.8
2022,3,22,96.76,2.09,2.41,1.72,0.69,264.25,2.59,3.57,1.87,1.7,262.75,76.06,26.82
2022,3,23,96.67,1.86,2.8,0.72,2.09,266.62,2.37,3.83,0.34,3.48,261.56,74.81,27.71
2022,3,24,96.75,1.84,2.39,1.22,1.17,249.25,2.44,3.57,1.19,2.38,246.94,78.25,26.6
2022,3,25,96.79,1.84,3.41,0.72,2.7,281.5,2.3,4.38,0.42,3.95,281.44,75.56,27.09
2022,3,26,96.97,2.27,3.7,1.55,2.16,301.12,2.78,4.62,1.49,3.13,304.38,75.25,27.43
2022,3,27,96.97,2.16,3.91,1,2.91,301.88,2.61,4.9,0.8,4.1,305.75,73,28.12
2022,3,28,96.92,2.12,3.48,0.91,2.56,297.5,2.65,4.6,0.82,3.78,299.56,72.38,28.37
2022,3,29,96.83,1.79,3.33,0.53,2.8,281.06,2.27,4.41,0.3,4.1,283.38,71.69,28.32
2022,3,30,96.81,1.84,3.04,0.8,2.24,258.69,2.34,4.09,1.12,2.97,255,72,28.22
2022,3,31,96.84,1.84,3.13,0.46,2.67,269.62,2.28,3.95,0.61,3.34,266.94,71.69,28.13
2022,4,1,96.83,1.76,3.59,0.64,2.96,267.12,2.08,4.48,0.52,3.96,262.25,71.25,28.19
2022,4,2,96.92,1.56,3.23,0.37,2.87,255.19,2.01,4.14,0.48,3.66,248.56,71.69,27.82
2022,4,3,96.83,1.5,3.84,0.32,3.52,223.25,1.79,4.77,0.06,4.7,186.88,68.19,28.24
2022,4,4,96.87,1.63,3.98,0.12,3.84,272.81,2.04,5.09,0.24,4.86,248.56,67.75,28.72
2022,4,5,97.05,1.57,3.51,0.48,3.02,291.38,1.83,4.45,0.1,4.35,237.81,68.56,28.46
2022,4,6,97.06,1.84,4.23,0.77,3.47,291.88,2.17,4.93,0.42,4.5,255.56,67.56,28.45
2022,4,7,96.95,1.72,3.84,0.62,3.22,288.5,1.88,4.43,0.24,4.18,277,70.75,28.15
2022,4,8,96.86,1.41,3.54,0.18,3.36,238.94,1.84,4.43,0.36,4.07,219.5,70,27.97
2022,4,9,96.81,1.55,3.41,0.2,3.21,257.69,1.93,4.25,0.18,4.08,253.5,78.06,27
2022,4,10,96.78,1.59,3.5,0.53,2.97,289.5,2.05,4.48,0.13,4.34,294.81,79.44,26.84
2022,4,11,96.69,1.78,3.33,0.87,2.46,302.25,2.3,3.95,1.05,2.88,275.12,76.56,27.37
2022,4,12,96.61,1.66,3.16,0.67,2.49,271.44,2.12,3.81,0.53,3.28,258.56,78.88,27.3
2022,4,13,96.59,1.93,3.32,0.61,2.71,263.44,2.71,4.14,0.26,3.88,261.62,80.44,27.1
2022,4,14,96.69,1.42,2.98,0.51,2.47,222.69,1.98,3.71,0.77,2.95,215.94,75.19,27.08
2022,4,15,96.69,1.34,2.22,0.53,1.7,305,1.67,2.52,0.67,1.85,307.94,73.56,27.31
2022,4,16,96.63,1.91,3.6,0.96,2.63,259.94,2.52,4.42,1.02,3.41,256.62,75.94,27.61
2022,4,17,96.72,1.79,2.88,0.92,1.95,261.12,2.53,3.45,1.27,2.18,258.44,74.5,27.61
2022,4,18,96.87,1.66,2.9,0.57,2.33,255.56,2.2,4.21,0.77,3.44,252.81,75.75,27.47
2022,4,19,97.02,2.25,4.05,1.05,2.99,277.56,3.05,5.13,1.48,3.66,251.06,79,26.72
2022,4,20,96.77,1.58,2.78,0.23,2.55,186.44,2.25,3.55,0.09,3.47,167.5,75.69,27.75
2022,4,21,96.64,1.12,2.02,0.52,1.51,225.5,1.61,3.58,0.48,3.09,212.75,76.94,27.82
2022,4,22,96.72,1.09,1.72,0.38,1.34,199.19,1.59,2.67,0.16,2.51,187.56,77,27.83
2022,4,23,96.82,1.33,1.91,0.82,1.09,196.62,1.91,2.54,1.3,1.23,191.56,83.44,26.63
2022,4,24,96.72,1.56,2.7,0.7,2.01,298.62,2.16,4.04,1.05,2.99,304.31,78.94,27.35
2022,4,25,96.68,1.06,1.7,0.32,1.38,210.25,1.55,2.65,0.55,2.1,207.44,80,26.97
2022,4,26,96.69,1.71,2.78,0.84,1.94,308.81,2.34,3.85,1.34,2.51,309.94,76.38,27.55
2022,4,27,96.65,1.23,2.52,0.56,1.95,232.81,1.65,3.29,0.72,2.56,206.56,74.06,28.59
2022,4,28,96.78,1.25,1.77,0.23,1.54,261.38,1.79,2.62,0.3,2.32,261.5,81.31,27.52
2022,4,29,96.8,1.77,2.55,1.27,1.29,320.56,2.59,3.84,1.59,2.25,322.5,80.94,27.38
2022,4,30,96.73,2.03,2.56,1.44,1.12,276.31,2.92,3.77,2.34,1.43,275.94,76.19,27.96
2022,5,1,96.62,2.15,3.73,1.52,2.21,290.12,2.81,4.8,1.91,2.89,290.81,73.81,28.12
2022,5,2,96.6,2.38,3.76,1.29,2.47,283.62,3.21,4.59,2.26,2.33,283.06,73.25,28.13
2022,5,3,96.64,2.34,3.69,1.65,2.04,298.31,3.16,4.8,2.04,2.77,299.31,74.88,28.12
2022,5,4,96.73,1.98,2.46,1.3,1.17,305.88,2.9,3.8,1.82,1.98,305.38,82.38,27.49
2022,5,5,96.75,2.55,4.64,1.84,2.8,289.62,3.77,6.06,2.41,3.66,288.62,81.06,26.44
2022,5,6,96.65,2.33,3.06,1.77,1.3,300,3.2,3.88,1.8,2.08,300.81,81.31,27.03
2022,5,7,96.64,2.39,3.58,1.48,2.1,304.25,3.23,4.21,2.06,2.15,304.88,75.69,27.59
2022,5,8,96.49,2.35,3.51,1.42,2.09,301.31,3.07,4.03,1.93,2.09,301.06,77.5,27.85
2022,5,9,96.42,2.95,3.8,2.12,1.68,288.94,4.05,5.11,3.34,1.77,287.44,81.44,27.37
2022,5,10,96.43,4.2,5.5,3.11,2.4,287.5,5.84,7.27,4.73,2.53,287.75,77.81,27.61
2022,5,11,96.54,3.67,4.67,2.81,1.86,269.44,5.27,6.1,4.32,1.78,268.94,80.5,26.58
2022,5,12,96.61,3.52,4.79,2.55,2.24,270.62,4.95,6.23,3.85,2.38,270.31,82.75,25.24
2022,5,13,96.49,3.91,5.34,2.7,2.65,267.88,5.38,6.78,4.43,2.35,267.94,84.94,26.42
2022,5,14,96.5,3.48,4.26,2.73,1.53,291.5,4.74,5.71,3.76,1.96,293.56,83.31,26.62
2022,5,15,96.62,3.81,4.27,3.17,1.09,280.81,5.3,5.78,4.93,0.85,281.62,88.06,26.3
2022,5,16,96.6,3.75,4.71,2.97,1.74,257.5,5.26,6.12,4.35,1.77,258,89.69,25.72
2022,5,17,96.55,2.56,3.91,1.35,2.55,268.75,3.66,4.81,2.45,2.36,268.56,83.81,25.15
2022,5,18,96.45,3.33,4.35,1.56,2.78,305.62,4.62,5.57,2.89,2.68,308.56,87.38,26.01
2022,5,19,96.63,3.96,4.67,3.38,1.29,272.19,5.86,6.3,5.45,0.84,271.94,88.69,24.69
2022,5,20,96.79,2.25,3.29,0.82,2.47,234.88,3.4,5.33,1.65,3.69,236.31,85.38,23.6
2022,5,21,96.77,1.92,3.88,0.52,3.35,231.81,2.81,5.08,0.86,4.22,234.56,81,24.74
2022,5,22,96.63,2.87,4.17,1.67,2.5,244.75,4.26,5.52,3.08,2.45,245.06,88.38,25.49
2022,5,23,96.52,2.8,3.94,1.89,2.05,266.5,4.18,5.03,3.44,1.59,265.69,86.62,26.5
2022,5,24,96.71,2.52,3.96,1.64,2.32,283.19,3.82,5.12,2.98,2.15,281.88,88.12,26.59
2022,5,25,96.79,2.14,2.61,1.59,1.02,305.75,3.15,3.88,2.7,1.18,304.88,85.06,27.07
2022,5,26,96.87,2.52,3.37,1.86,1.51,289,3.79,4.38,3.54,0.84,286.75,86.25,26.4
2022,5,27,96.87,2.3,2.97,1.77,1.2,272.56,3.52,3.99,3.03,0.96,271.81,86,25.94
2022,5,28,96.8,2.05,3.26,1.41,1.85,272.06,3.17,4.07,1.97,2.09,270.44,81.38,25.94
2022,5,29,96.77,2.22,3.36,1.53,1.83,277.19,3.33,4.12,2.54,1.58,276.12,81.88,25.93
2022,5,30,96.71,2.65,3.55,1.98,1.57,277.44,3.91,4.4,3.24,1.16,276.12,82.19,26.06
2022,5,31,96.63,2.9,3.85,2.38,1.48,272.38,4.17,4.8,3.15,1.65,272,84.31,26.01
2022,6,1,96.63,2.19,2.87,1.52,1.35,274.81,3.2,4.71,2.41,2.3,272.88,85.44,25.44
2022,6,2,96.64,2.18,3.09,0.96,2.13,279.12,3.04,3.89,1.72,2.17,278.31,88.75,24.17
2022,6,3,96.61,2.85,3.8,1.36,2.44,273.44,4.04,5.38,2.52,2.85,273.38,87.31,25.63
2022,6,4,96.59,2.52,2.97,2.14,0.83,295.06,3.7,5.07,2.77,2.3,294.38,80.06,26.67
2022,6,5,96.6,1.8,2.33,1.28,1.05,277.31,2.7,3.55,1.99,1.56,274.19,84.69,26.33
2022,6,6,96.6,1.8,2.7,0.91,1.79,251.75,2.64,3.84,1.12,2.72,252.12,85.62,26.15
2022,6,7,96.7,1.48,2.9,0.24,2.66,269.62,2.16,3.67,0.46,3.21,264.69,83.81,25.61
2022,6,8,96.74,2.35,3.96,0.56,3.4,275.81,3.48,5.17,0.94,4.23,272.81,83.25,25.62
2022,6,9,96.69,3.16,4.28,2.27,2.01,262.5,4.72,5.56,3.8,1.77,261.06,82.56,25.78
2022,6,10,96.72,3.48,5.26,2.27,2.99,245.31,5.07,6.83,3.96,2.88,244.38,82.75,25.55
2022,6,11,96.81,2.55,3.88,1.55,2.32,231.62,3.77,4.99,2.41,2.58,234,82.31,25.37
2022,6,12,96.77,2.34,3.34,1.5,1.84,191.38,3.33,4.24,2.09,2.16,196.12,82.56,24.46
2022,6,13,96.81,2.66,3.81,1.4,2.41,217.88,3.83,4.91,2.63,2.28,218.94,85.5,25.23
2022,6,14,96.81,2.52,3.52,1.35,2.17,256.06,3.78,4.57,2.66,1.91,256.31,82.19,25.36
2022,6,15,96.7,2.41,4.16,1.44,2.73,250.38,3.58,5.34,2.16,3.18,251.38,87.69,25.08
2022,6,16,96.67,2.54,3.91,1.15,2.76,267.44,3.71,5.02,1.71,3.3,267.56,84.62,25.33
2022,6,17,96.67,2.4,3.69,0.95,2.73,239.69,3.41,4.63,1.45,3.18,241.88,84,24.94
2022,6,18,96.7,2.38,3.65,1.11,2.54,238,3.36,4.66,1.73,2.92,240.06,84.19,24.62
2022,6,19,96.76,2.42,3.66,1.27,2.4,267.88,3.58,4.78,1.74,3.05,267.69,82.75,24.55
2022,6,20,96.68,2.32,4.03,0.98,3.05,282.44,3.43,5.29,1.59,3.7,280.06,83.44,24.67
2022,6,21,96.55,2.75,3.92,1.74,2.19,261.88,4.17,5.2,3.14,2.05,261.56,88.94,24.9
2022,6,22,96.62,2.87,4.08,1.62,2.47,232.56,4.31,5.37,2.98,2.38,233,90.25,24.88
2022,6,23,96.72,2.95,5.22,1.05,4.16,228.5,4.31,6.85,1.88,4.97,230.06,87.69,24.75
2022,6,24,96.66,4.55,6.68,2.76,3.92,243.5,6.56,8.95,4.59,4.35,243.5,91.5,24.74
2022,6,25,96.5,3.76,4.95,3.02,1.94,250.69,5.59,6.8,4.84,1.95,251.12,88.06,24.98
2022,6,26,96.53,4.52,6.04,3.09,2.95,247.25,6.67,8.41,4.98,3.44,247.88,89.5,25.49
2022,6,27,96.69,3.64,5.12,2.63,2.49,245.81,5.49,7.07,4.44,2.63,246.75,88.81,25.52
2022,6,28,96.69,3.35,5.13,2.33,2.8,258,5.01,6.88,4.07,2.81,258.44,87.94,25.64
2022,6,29,96.56,3.22,4.13,2.65,1.48,270.69,4.84,5.5,4.21,1.28,270.62,90.5,25.17
2022,6,30,96.59,4.29,6.09,3.25,2.85,260.19,6.27,8.14,4.93,3.22,260.44,89.94,25.19
2022,7,1,96.61,3.91,5.75,2.72,3.02,267.69,5.76,7.8,4.43,3.37,267.69,89.5,25.12
2022,7,2,96.52,3.88,5.41,3.02,2.39,269.56,5.75,7.33,4.83,2.5,270,90.69,24.93
2022,7,3,96.55,4.33,5.49,3.36,2.13,262.06,6.38,7.52,5.44,2.09,262.62,89.81,24.8
2022,7,4,96.57,4.92,6.12,3.64,2.48,260.25,7.21,8.45,5.7,2.75,260.38,92.88,24.36
2022,7,5,96.47,4.89,6.38,3.91,2.46,259.31,7.12,8.58,6.21,2.38,259.38,92.5,24.58
2022,7,6,96.58,3.93,4.95,2.77,2.18,258,5.9,7.19,4.73,2.45,258.56,91.62,24.57
2022,7,7,96.84,4.62,6.53,3.27,3.27,258.5,6.73,8.74,5.1,3.64,258.81,90.69,24.3
2022,7,8,96.78,4.42,5.3,3.55,1.74,271.25,6.55,7.22,5.79,1.43,271.44,91.81,23.98
2022,7,9,96.6,4.72,6.1,3.67,2.43,276.94,6.93,8.23,6,2.23,277.06,92.5,24.35
2022,7,10,96.65,4.64,6.48,3.45,3.03,278.69,6.84,8.84,5.6,3.23,278.69,91.12,24.3
2022,7,11,96.8,4.59,5.98,3.3,2.68,275.38,6.77,8.19,5.34,2.84,275.62,92.12,24.3
2022,7,12,96.81,4.76,6.13,3.82,2.31,266.38,7.02,8.3,6.05,2.25,266.88,92.94,24.23
2022,7,13,96.63,5.65,6.93,4.68,2.24,269.19,8.3,9.58,7.63,1.95,269.5,92.94,23.82
2022,7,14,96.5,5.83,7.26,4.55,2.71,257.12,8.56,10.12,7.19,2.94,257.62,93,24.33
2022,7,15,96.56,4.91,6.96,2.94,4.03,254.62,7.41,9.79,5.07,4.73,255.81,92,24.63
2022,7,16,96.64,4.52,6.37,2.49,3.88,261.94,6.79,8.91,4.41,4.5,262.94,92.38,24.68
2022,7,17,96.74,3.41,4.96,2.29,2.68,264.25,5.22,7.04,3.79,3.25,265.06,93.19,24.12
2022,7,18,96.81,3.78,4.54,2.64,1.9,266.69,5.65,6.74,4.04,2.7,266.94,90.94,23.75
2022,7,19,96.79,2.54,4.01,1.48,2.53,261.31,3.79,5.29,2.54,2.74,261.5,91.12,23.82
2022,7,20,96.76,3.11,5.26,1.65,3.62,295.88,4.55,6.92,2.84,4.09,295.31,91.38,24.51
2022,7,21,96.73,3.12,4.64,1.81,2.82,297.75,4.61,5.98,3.48,2.5,296.56,91,24.53
2022,7,22,96.78,3.34,4.39,2.3,2.09,297.5,4.91,5.67,4.12,1.55,296.5,91.5,23.9
2022,7,23,96.72,3.05,5.23,1.99,3.23,283.12,4.55,6.92,3.56,3.36,281.94,90.19,23.98
2022,7,24,96.7,3.49,5.32,2,3.32,286.19,5.25,7.12,3.67,3.45,285.06,89.44,24.59
2022,7,25,96.79,2.72,3.7,1.82,1.87,286.38,4.16,4.84,3.41,1.43,285.31,89.31,24.53
2022,7,26,96.84,2.64,3.11,1.95,1.16,294.75,3.98,4.9,3.37,1.52,294.19,89.88,24.23
2022,7,27,96.68,2.53,3.82,1.79,2.03,306.94,3.52,4.85,2.14,2.71,308,88.5,24.76
2022,7,28,96.66,2.48,3.48,0.66,2.83,219.69,3.6,4.47,0.73,3.73,196.56,88.38,25.8
2022,7,29,96.68,1.88,2.57,0.26,2.31,206.75,2.96,4.18,0.74,3.44,205,87.62,26.26
2022,7,30,96.65,3.07,5.13,1.77,3.37,296.88,4.41,6.5,3.15,3.35,296.25,91.31,25.33
2022,7,31,96.47,3.36,4.96,1.55,3.41,289.69,4.79,6.45,2.73,3.72,288.62,93.06,24.53
2022,8,1,96.43,5.05,5.61,4.02,1.59,294.06,6.87,8,5.32,2.68,295.5,94.12,24.73
2022,8,2,96.43,4.7,5.62,3.3,2.33,285.44,6.72,8.12,5.43,2.69,284.88,93.75,23.6
2022,8,3,96.29,3.77,4.86,2.88,1.98,299.12,4.98,6.22,3.98,2.23,303.44,94.25,24
2022,8,4,96.38,4.52,6.43,2.94,3.49,290.38,6.39,8.36,4.59,3.77,291.5,93.69,24.16
2022,8,5,96.55,5.12,7.2,3.42,3.77,248,7.47,9.92,5.59,4.33,248.31,94.06,23.98
2022,8,6,96.49,5.76,7.41,4.32,3.08,257.88,8.23,10.03,6.69,3.34,258,92.44,24.13
2022,8,7,96.46,5.35,7.3,4.28,3.02,258.25,7.69,10.06,6.63,3.43,258.56,93.5,23.92
2022,8,8,96.44,5.39,7.15,4.09,3.05,256.94,7.83,9.95,6.28,3.67,257.38,93.81,23.98
2022,8,9,96.47,5.73,6.91,4.87,2.04,250.25,8.35,9.6,7.17,2.43,250.94,91.31,24.11
2022,8,10,96.47,5.33,7.12,3.66,3.47,245.94,7.89,9.93,5.94,3.99,246.88,90.5,23.95
2022,8,11,96.61,4.85,6.71,3.26,3.46,258.62,7.39,9.51,5.37,4.14,259.56,90.81,24.25
2022,8,12,96.74,3.84,5.39,2.16,3.23,250.31,6.09,7.75,4.06,3.69,251.56,90.62,24.3
2022,8,13,96.78,2.47,3.27,1.44,1.84,269.12,4.26,5.62,3.06,2.55,269.31,88.38,24.08
2022,8,14,96.84,2.53,3.81,1.8,2.01,267.31,4.06,5.34,3.12,2.2,268.56,92,23.83
2022,8,15,96.88,2.27,3.41,1.52,1.89,273.69,3.67,4.81,2.92,1.89,273.94,90.19,24.35
2022,8,16,96.87,1.96,3.39,0.9,2.49,274.62,3.02,4.64,1.45,3.2,275.62,88.56,24.57
2022,8,17,96.9,2.33,3.48,1.51,1.98,292.88,3.59,4.7,2.55,2.15,292.56,89.5,24.69
2022,8,18,96.84,2.76,4.2,1.66,2.54,303.19,4.27,5.71,3.23,2.48,302.25,89.5,24.46
2022,8,19,96.86,3.32,4.66,1.88,2.78,301.69,4.98,6.25,3.54,2.71,300.81,88.88,24.1
2022,8,20,96.88,2.94,4.75,1.7,3.05,291.75,4.43,6.34,2.63,3.72,291.19,89.12,23.87
2022,8,21,96.77,3.37,5.01,2.25,2.76,286.62,5.04,6.73,3.7,3.03,285.62,91,24.57
2022,8,22,96.76,4.13,5.96,2.44,3.52,280.56,6.18,8.19,4.29,3.9,280.38,91.12,24.55
2022,8,23,96.75,3.88,5.77,2.1,3.66,275.12,5.78,7.81,3.71,4.1,274.88,90.94,24.62
2022,8,24,96.88,3.69,5.48,2.17,3.3,289.12,5.43,7.12,3.84,3.28,289,89.88,24.22
2022,8,25,96.75,3.47,4.56,2.65,1.91,307.31,5.09,5.88,4.38,1.51,307.25,89.69,24.48
2022,8,26,96.67,3.21,4.77,2.16,2.61,304.12,4.65,6.05,3.58,2.48,304.31,90.94,24.27
2022,8,27,96.69,2.87,3.73,2.12,1.59,308.25,4.23,5.09,3.41,1.68,308.94,89.75,24
2022,8,28,96.63,2.95,4.07,1.84,2.23,309.06,4.21,5.76,3.12,2.63,310.38,89.44,24.33
2022,8,29,96.67,3.56,4.63,2.61,2.02,313.31,5.12,6.62,4.16,2.45,314.88,90.75,24.63
2022,8,30,96.6,3.44,4.16,2.7,1.45,314.81,4.84,5.94,3.68,2.26,318.19,92.06,24.5
2022,8,31,96.48,2.37,3.75,1.27,2.48,198.94,3.37,5.09,2.17,2.91,184.5,91.31,25.29
2022,9,1,96.57,2.09,2.59,1.45,1.14,266.56,3.02,4.43,1.59,2.84,263.75,88.31,25.36
2022,9,2,96.64,2.67,3.73,1.36,2.38,208.5,3.55,4.96,2.3,2.66,207.12,89.81,24.78
2022,9,3,96.69,2.27,3.8,1.46,2.34,217.38,3.18,4.8,2.03,2.77,217.56,88.94,25.05
2022,9,4,96.71,1.64,2.8,0.59,2.22,273.88,2.61,3.62,0.91,2.7,272.38,91,24.71
2022,9,5,96.68,2.55,3.53,1.87,1.66,314.69,3.89,4.55,2.88,1.67,315.69,92,24.86
2022,9,6,96.53,3.22,4.34,2.44,1.9,309.62,4.23,5.42,2.92,2.5,315.06,93.06,24.72
2022,9,7,96.57,4.37,5.52,3.53,1.98,253.88,5.7,7.13,3.91,3.22,250.94,93.75,23.74
2022,9,8,96.66,3.25,4.45,2.38,2.07,254.88,4.68,5.7,3.84,1.87,254.12,91.12,23.71
2022,9,9,96.61,3.53,5.03,2.76,2.27,239.56,5.16,6.63,4.32,2.31,238.81,91.31,24.19
2022,9,10,96.66,3.55,4.83,2.6,2.23,242.19,5.3,6.64,4.11,2.54,242.62,90.81,24.12
2022,9,11,96.58,4.19,5.82,3.09,2.73,232.19,6.26,8.09,5.08,3.02,233.94,91.88,24.05
2022,9,12,96.6,4.79,6.5,2.78,3.72,243.38,7.06,8.94,4.75,4.19,244.5,91,24.32
2022,9,13,96.8,3.86,5.68,1.95,3.73,245,5.7,7.72,3.4,4.32,245.75,90.81,24.32
2022,9,14,97,2.69,4.33,1.81,2.52,232.31,4.06,5.85,3.23,2.62,234.62,90.81,24.13
2022,9,15,97.08,2.81,4.22,1.95,2.27,234.88,4.23,5.66,3.45,2.21,236.06,91.12,24.08
2022,9,16,96.92,2.92,4.12,2.02,2.09,267.5,4.42,5.48,3.48,2,267.06,90,24.14
2022,9,17,96.88,2.58,4.01,1.64,2.37,253.69,3.88,5.18,3.09,2.09,253.12,87.75,24.58
2022,9,18,96.93,2.72,4.48,1.79,2.69,262.19,4.12,5.98,3.2,2.77,261.44,88.69,24.72
2022,9,19,96.94,2.73,3.91,1.94,1.98,291.81,4.15,5.12,3.52,1.6,288.88,88.19,24.3
2022,9,20,96.9,2.12,3.13,1.56,1.57,288.38,3.3,4.06,2.47,1.59,285.31,86,24.14
2022,9,21,96.87,2.17,3.5,1.69,1.81,284.69,3.32,4.5,2.22,2.28,280.81,86.5,24.04
2022,9,22,96.95,2.05,3.16,1.26,1.91,270.38,3.16,4.05,2.16,1.89,268.44,85.94,23.83
2022,9,23,96.99,2.09,3.34,1.29,2.04,264.5,3.16,4.41,2.23,2.19,264,87.56,23.78
2022,9,24,96.93,2.06,3.56,1.33,2.23,283,3.16,4.57,1.91,2.66,280.62,87.81,24.12
2022,9,25,96.8,2.32,3.35,1.41,1.94,303.19,3.38,4.18,2.35,1.83,302.38,86.56,24.48
2022,9,26,96.88,2.8,3.74,2.19,1.55,313.88,4.16,4.66,3.89,0.77,312.25,86.06,24.63
2022,9,27,96.8,2.42,2.95,1.87,1.09,305.19,3.62,4.85,2.52,2.34,303.44,86.75,24.15
2022,9,28,96.73,2.48,3.31,1.76,1.55,296.12,3.7,4.28,3.02,1.26,293.5,86.75,24.16
2022,9,29,96.71,2.14,2.75,1.8,0.96,300.44,3.25,3.7,2.53,1.16,298.06,88,24.12
2022,9,30,96.79,2.16,2.74,1.66,1.09,286.69,3.3,4.27,2.16,2.11,285.19,89.5,24.06
2022,10,1,96.87,2.53,3.59,1.73,1.86,289.88,3.84,4.67,2.95,1.72,289.25,89.31,23.72
2022,10,2,96.82,2.23,2.94,1.71,1.23,298.94,3.48,4.08,2.5,1.58,297.25,88.31,24.25
2022,10,3,96.76,2.93,3.96,2.28,1.68,303.5,4.27,4.88,3.66,1.23,303.94,87.62,25.02
2022,10,4,96.71,2.7,3.41,2.23,1.17,312.75,4.01,4.45,3.57,0.88,313.69,88.62,25
2022,10,5,96.67,2.77,3.48,1.52,1.95,307.94,4.1,4.77,2.6,2.17,306.56,88.5,24.74
2022,10,6,96.67,2.42,3.38,1.52,1.86,272.69,3.64,4.45,2.6,1.84,271.19,88.81,23.58
2022,10,7,96.73,2.14,3.32,1.55,1.77,250.94,3.27,4.37,2.79,1.58,250.81,85.94,24.01
2022,10,8,96.83,1.66,2.59,0.66,1.94,280.38,2.44,3.62,0.94,2.68,281.06,82.81,24.32
2022,10,9,96.83,1.77,2.06,1.17,0.89,311.75,2.56,3.3,1.22,2.08,313.25,85.75,25
2022,10,10,96.82,2.13,3.95,1.05,2.91,276.38,2.88,4.77,1.1,3.68,251.69,90.69,24.81
2022,10,11,96.84,2.55,3.56,1.35,2.22,268.94,3.57,4.83,2.34,2.49,265.44,91.25,24.34
2022,10,12,96.91,1.41,2.43,0.15,2.28,260.19,2.14,3.22,0.34,2.88,259.5,86.25,24.8
2022,10,13,96.84,1.5,2.61,0.19,2.42,267.56,2.2,3.94,0.23,3.7,252.38,87.56,24.79
2022,10,14,96.78,1.69,2.57,1.14,1.43,256.94,2.64,4.28,1.63,2.65,257.75,90.25,24.01
2022,10,15,96.63,1.2,1.94,0.41,1.53,181.81,2.02,3.36,0.57,2.79,188.5,85.62,25.28
2022,10,16,96.81,1.8,3.05,1.07,1.98,230.62,2.54,3.89,1.54,2.35,233.75,92.56,24.13
2022,10,17,97.01,1.07,1.59,0.1,1.48,201.88,1.7,2.94,0.17,2.77,215.56,88.62,24.49
2022,10,18,96.98,2.29,4.25,0.43,3.82,245.44,3.4,5.55,0.1,5.45,238.94,93.75,24.05
2022,10,19,96.97,1.51,2.07,0.97,1.11,231.81,2.23,3.62,1.08,2.55,230.25,88.62,24.21
2022,10,20,96.95,1.59,2.94,0.62,2.32,240,1.98,3.46,0.75,2.71,238.44,88.75,24.51
2022,10,21,97.04,1.12,2.21,0.17,2.04,217,1.48,2.91,0.13,2.77,179.19,85.12,25.31
2022,10,22,97.09,0.79,1.16,0.38,0.77,145.56,1.3,2.21,0.2,2.01,129.25,81.44,25.96
2022,10,23,97.07,1.2,1.72,0.33,1.39,154.25,1.88,3.34,0.45,2.89,145,77.38,25.4
2022,10,24,96.96,2.27,3.38,1.72,1.66,144.88,3.16,4.59,2.41,2.17,144.75,74.69,23.63
2022,10,25,96.98,1.84,2.77,0.75,2.02,167.44,2.49,4.15,0.89,3.26,168.69,70.12,23.52
2022,10,26,97.06,1.66,2.3,0.47,1.84,99.06,2.62,3.79,0.66,3.13,88.94,68.75,23.98
2022,10,27,97.01,1.72,3.48,0.36,3.12,109.94,2.61,4.7,0.43,4.27,108.56,72.38,23.66
2022,10,28,96.91,1.7,2.96,0.13,2.83,131.69,2.68,4.09,0.41,3.7,93.19,73.81,24.43
2022,10,29,96.88,1.81,3.09,0.42,2.67,126.25,2.86,4.58,0.56,4.02,126.38,79.62,25.44
2022,10,30,96.91,1.68,3.2,0.2,3.01,126.44,2.64,4.58,0.49,4.09,132,81.12,25.51
2022,10,31,96.92,1.42,2.88,0.73,2.15,115.5,2.2,3.91,1.14,2.77,78.19,75.56,25.05
2022,11,1,96.99,1.17,1.88,0.31,1.57,154.31,1.74,2.48,0.41,2.08,159.31,77.75,25.3
2022,11,2,96.97,1.75,3.16,0.76,2.4,66.5,2.9,4.39,1.41,2.98,68.38,79.12,25.06
2022,11,3,96.91,1.94,3.2,1.01,2.18,69.38,3.15,4.59,2.09,2.5,71.19,75.5,24.93
2022,11,4,96.99,1.62,3.3,0.18,3.12,134.88,2.55,4.75,0.5,4.25,121.69,78.44,25.68
2022,11,5,97.13,1.42,3.05,0.09,2.96,123.5,2.25,4.41,0.08,4.34,118.81,74.81,25.48
2022,11,6,97.19,0.99,2.09,0.2,1.88,163,1.52,2.98,0.07,2.91,142.31,75.81,25.72
2022,11,7,97.1,1.12,2.63,0.26,2.38,123.62,1.76,3.78,0.45,3.34,112.06,77.44,25.69
2022,11,8,97.07,1.61,2.95,0.5,2.45,61.44,2.61,4.01,1.65,2.36,65.81,76.12,25.16
2022,11,9,97.04,2,3.19,0.96,2.23,53.44,3.09,4.29,1.45,2.84,56.56,75.44,25.05
2022,11,10,96.99,2.09,3.6,0.69,2.91,54.88,3.3,4.87,1.58,3.3,61.06,76,24.48
2022,11,11,96.97,2.06,4.21,0.45,3.77,76.81,3.41,6.04,1.29,4.74,75.38,76.25,25.04
2022,11,12,96.98,1.91,3.55,0.44,3.11,63.19,3.08,5.09,1.3,3.8,61.56,79.62,24.57
2022,11,13,96.91,1.77,3.41,0.3,3.11,88.31,3.02,4.96,0.97,3.99,64.56,80.56,25.57
2022,11,14,97.04,1.64,2.91,0.79,2.12,157.06,2.43,3.96,1.02,2.95,154.62,78.31,25.7
2022,11,15,97.09,1.17,2.09,0.24,1.84,238,1.67,2.59,0.39,2.2,239.12,86.19,24.66
2022,11,16,96.99,1.38,2.49,0.19,2.3,154.5,2.09,3.55,0.12,3.42,160.12,81.12,25.12
2022,11,17,96.96,2.11,3.05,1.23,1.84,50.5,3.16,4.09,1.91,2.18,53.69,70.19,23.69
2022,11,18,96.98,2.09,3.55,0.91,2.63,70.69,3.2,5.06,1.3,3.76,73,65.19,22.87
2022,11,19,96.98,2.43,3.66,1.04,2.62,75.44,3.68,4.94,1.68,3.26,76.19,65.75,22.51
2022,11,20,96.88,1.86,3.21,0.6,2.61,58.94,2.75,4.45,0.91,3.53,62.31,63.81,22.69
2022,11,21,96.86,1.38,2.52,0.41,2.12,108.38,2.12,3.7,0.32,3.38,107.94,64.31,23.17
2022,11,22,96.88,1.15,1.48,0.24,1.24,181.75,1.69,2.88,0.34,2.55,165.5,78.25,23.89
2022,11,23,96.91,1.14,1.4,0.82,0.57,111.25,1.66,2.55,1.02,1.52,99.88,83.25,24.76
2022,11,24,96.86,1.05,2.26,0.02,2.23,103.81,1.85,3.3,0.16,3.13,94.06,81.19,25.58
2022,11,25,96.96,1.65,2.87,0.09,2.78,177.12,2.34,3.7,0.12,3.59,168.5,82.75,25.38
2022,11,26,96.9,1.12,2.27,0.26,2,158.19,1.74,3.26,0.59,2.67,154.88,80.94,25.41
2022,11,27,96.8,1.48,2.12,1.06,1.06,213.31,2.03,3.21,1.3,1.91,209.62,84.31,25.08
2022,11,28,96.84,0.98,1.8,0.22,1.58,237.94,1.28,2.62,0.26,2.36,229.62,83.56,24.93
2022,11,29,96.89,0.84,1.58,0.2,1.38,185.06,1.12,2.16,0.19,1.98,155.62,80.94,25.22
2022,11,30,96.95,1.12,1.87,0.4,1.47,58.25,1.9,3.23,0.64,2.59,64.31,73.5,24.56
2022,12,1,96.94,1.57,3.05,0.12,2.92,151.44,2.29,4.22,0.2,4.02,147.5,71.12,23.72
2022,12,2,96.86,1.33,1.62,0.78,0.84,148.5,2.09,2.67,0.99,1.67,137,78.62,25.57
2022,12,3,96.87,1.02,1.8,0.27,1.54,144.19,1.63,2.74,0.38,2.36,142.06,78.62,25.84
2022,12,4,96.96,1.05,1.98,0.05,1.94,138.12,1.83,2.84,0.46,2.38,116.62,76.81,25.91
2022,12,5,97,1.09,2.16,0.13,2.03,123.94,1.82,3.23,0.21,3.02,105.62,76.94,25.71
2022,12,6,96.95,1.02,2.34,0.3,2.04,64.19,1.9,3.26,0.78,2.48,71.75,76.06,25.64
2022,12,7,96.93,2.09,3.09,1.23,1.85,59.88,3.21,4.17,2.19,1.98,62.06,72.38,24.26
2022,12,8,96.86,2,2.93,1.12,1.8,46.44,3.15,4.3,1.86,2.45,49.88,71.25,22.92
2022,12,9,96.73,2.02,3.95,0.68,3.27,106.25,2.96,5.19,0.88,4.3,93.62,69.12,23.09
2022,12,10,96.66,2.81,3.88,1.51,2.37,63.38,4.27,5.53,2.16,3.38,21.69,80.25,23.61
2022,12,11,96.73,2.9,3.87,2.02,1.84,211.62,4.19,5.1,3.12,1.98,171.25,84.56,23.8
2022,12,12,96.67,2.77,4.05,1.79,2.26,90.62,4.27,5.73,3.23,2.51,92.88,84.69,24.06
2022,12,13,96.8,2.75,3.34,1.59,1.75,142.38,3.99,4.9,2.97,1.93,140.25,85.19,24.95
2022,12,14,96.99,2.14,2.91,1.66,1.25,153,3.12,3.95,2.39,1.56,149.19,82.06,25
2022,12,15,96.91,1.24,1.8,0.44,1.36,144.31,1.95,2.74,0.72,2.02,140.38,77.81,25.15
2022,12,16,96.89,1.37,2.25,0.47,1.78,133.44,2.2,3.4,0.35,3.05,130.81,68.12,23.94
2022,12,17,96.93,1.76,2.17,0.82,1.35,71.81,3.03,3.77,1.99,1.78,75.12,72.31,24.47
2022,12,18,96.88,2.12,3.02,1.27,1.75,60.56,3.48,4.35,2.65,1.7,63.44,79,24.49
2022,12,19,96.79,2.38,3.94,1.28,2.66,68.12,3.77,5.45,2.7,2.76,70.25,76.62,24.08
2022,12,20,96.76,1.94,3.32,0.52,2.8,73.69,3.09,4.69,0.98,3.71,76.19,69.81,23.4
2022,12,21,96.82,2.05,2.99,1.33,1.67,72.94,3.3,4.16,2.52,1.64,74.25,72,23.19
2022,12,22,96.85,2.35,3.58,1.09,2.49,70.88,3.68,4.95,1.66,3.28,72.31,66.88,23.08
2022,12,23,96.84,2.06,3.13,1.08,2.05,67.06,3.34,4.17,1.99,2.18,69.19,71.25,23.15
2022,12,24,96.94,1.77,3.02,0.59,2.43,58.81,2.79,4.51,1.09,3.42,64.81,71.69,23.26
2022,12,25,96.95,2,3.31,0.65,2.66,67.5,3.16,4.43,1.16,3.27,58.81,75.56,24.06
2022,12,26,97.01,1.74,3.12,0.16,2.95,86.94,2.94,4.41,0.43,3.98,87.19,76.75,25.94
2022,12,27,97.12,1.73,3.3,0.7,2.6,125.25,2.66,4.68,1.02,3.66,121.19,76.69,25.86
2022,12,28,97.24,1.02,2.21,0.07,2.14,140.12,1.66,3.25,0.29,2.96,128.38,76.94,26.38
2022,12,29,97.36,1.1,1.94,0.33,1.61,70.94,1.98,2.78,0.9,1.88,70.56,76.31,25.72
2022,12,30,97.44,1.44,2.8,0.43,2.37,95.56,2.33,3.98,0.68,3.3,101.38,71.19,24.69
2022,12,31,97.44,1.36,2.02,0.25,1.77,185.56,1.94,3.05,0.34,2.71,175,68.06,23.86
2023,1,1,97.36,1.51,2.28,0.79,1.49,187.38,2,3.54,0.88,2.66,178.62,73.44,24.19
2023,1,2,97.27,1.5,2.86,0.24,2.62,129.06,2.34,3.94,0.59,3.35,119.31,68.88,24.05
2023,1,3,97.32,1.02,2.04,0.27,1.77,159.62,1.67,2.73,0.46,2.27,119.69,71.12,24.05
2023,1,4,97.21,1.31,2.31,0.09,2.22,140.06,2.11,3.45,0.24,3.2,89.38,67.06,23.54
2023,1,5,97.24,2.12,3.87,0.66,3.2,86.69,3.43,5.14,1.48,3.66,89.19,69.5,23.16
2023,1,6,97.36,2.82,4.4,1.23,3.17,80.94,4.47,6.01,2.74,3.27,82.44,69.69,23.45
2023,1,7,97.28,2.93,5.05,1.14,3.91,66.62,4.59,6.89,2.12,4.77,69.5,72.25,23.95
2023,1,8,97.19,2.62,3.89,1.5,2.39,63.25,4.12,5.35,2.69,2.66,66.12,71.25,23.8
2023,1,9,97.29,2.24,3.47,1.07,2.4,65.56,3.55,4.88,1.82,3.05,68.94,65,22.96
2023,1,10,97.24,2.8,4.16,1.34,2.82,76.69,4.38,5.62,2.95,2.66,77.88,62.81,21.76
2023,1,11,97.14,1.65,3.1,0.36,2.74,123.69,2.59,4.7,0.42,4.27,88.75,64.12,22.46
2023,1,12,97.01,1.77,3.38,0.51,2.86,157.5,2.64,4.74,0.62,4.12,115.88,56.69,23.07
2023,1,13,97.07,1.16,2.05,0.09,1.97,160.75,1.41,2.84,0.3,2.54,157.5,60.5,23.76
2023,1,14,97.06,1.28,1.8,0.2,1.59,181.62,1.88,3.12,0.34,2.77,164.12,61.38,23.36
2023,1,15,96.98,1.26,2.11,0.1,2.01,130.88,2.02,3.45,0.73,2.73,134.12,59.38,23.5
2023,1,16,97.01,0.85,1.94,0.16,1.77,161.25,1.24,2.92,0.22,2.7,145.31,63.69,24.23
2023,1,17,97.09,0.89,1.94,0.25,1.69,180.75,1.14,2.55,0.34,2.22,175.12,65.44,24.25
2023,1,18,97.15,0.93,1.88,0.27,1.6,70.44,1.65,3.32,0.78,2.54,79.5,62.38,24.33
2023,1,19,97.16,1.55,3.1,0.41,2.7,62.25,2.49,4.23,0.6,3.63,67.5,59.56,23.49
2023,1,20,97.15,1.77,3.77,0.12,3.65,141.56,2.68,5.04,0.38,4.66,116.5,55.88,22.87
2023,1,21,97.11,0.86,1.62,0.07,1.55,128.19,1.46,2.62,0.41,2.21,95.94,61.44,23.9
2023,1,22,97,1.57,2.61,0.62,1.98,61.19,2.55,3.92,1.31,2.61,71.19,61.75,23.98
2023,1,23,96.94,2.23,3.07,0.57,2.5,180.69,3,4.38,0.78,3.59,179.94,65.88,23.76
2023,1,24,96.99,1.28,1.91,0.6,1.3,198.12,1.41,2.33,0.51,1.81,176.62,73.5,24.77
2023,1,25,96.97,1.17,1.96,0.33,1.63,179.56,1.52,2.7,0.3,2.4,164.38,85.19,23.48
2023,1,26,96.95,1.5,2.66,0.98,1.68,149.06,2.02,3.3,1.3,2,148.75,70.94,25
2023,1,27,96.97,1.27,2.49,0.22,2.28,128,1.94,3.33,0.09,3.24,114.5,61.88,24.43
2023,1,28,96.94,1.45,2.55,0.21,2.34,104.75,2.45,3.55,0.38,3.17,107.06,53.06,24.05
2023,1,29,96.83,1.91,3.58,0.05,3.53,122.56,2.96,4.8,0.43,4.38,110.12,58.5,23.72
2023,1,30,96.97,1.84,3.11,0.94,2.18,171.88,2.51,3.81,1.16,2.66,172,65.62,24.55
2023,1,31,96.91,2.03,2.38,1.67,0.71,41,3.19,3.66,2.59,1.08,50.69,66.75,25.8
2023,2,1,96.91,2.25,3.38,1.15,2.23,55.38,3.6,4.88,1.73,3.15,62.38,60.25,25.77
2023,2,2,96.92,2.59,4.84,0.81,4.03,67,4.19,6.84,2.13,4.7,71.44,58.81,26
2023,2,3,96.97,1.9,4.15,0.66,3.48,86.88,3.02,6,1.1,4.9,64.38,63.06,26.04
2023,2,4,96.88,1.7,3.36,0.15,3.2,135,2.54,4.87,0.14,4.73,127.06,61.25,27.1
2023,2,5,96.88,1.27,3.11,0.15,2.95,200.12,1.88,3.86,0.62,3.23,189.5,62.75,26.85
2023,2,6,96.94,2.04,3.01,1.17,1.84,185.25,2.82,4.4,1.23,3.18,184.44,67.94,25.79
2023,2,7,96.95,1.84,2.85,0.61,2.24,212.81,2.44,3.69,0.77,2.93,216.25,68.06,25.83
2023,2,8,96.91,1.8,3.05,0.55,2.5,150.88,2.5,4.41,0.73,3.68,131.44,60.81,26.76
2023,2,9,97.02,1.66,3.05,1.01,2.05,190.75,2.29,4.22,0.74,3.48,191.12,66,25.8
2023,2,10,97.08,1.55,1.98,0.91,1.06,139.19,2.21,3.29,0.98,2.31,103.69,65.44,26.42
2023,2,11,97.09,1.34,2.5,0.12,2.38,165.44,2.03,3.76,0.16,3.59,131.88,56.06,26.32
2023,2,12,97.12,1.11,1.52,0.22,1.29,213.12,1.66,2.47,0.42,2.05,116.5,61,25.99
2023,2,13,97.1,1.7,2.52,0.85,1.67,72.44,3.15,4.16,1.79,2.37,77.12,48.56,26.06
2023,2,14,97.1,1.3,2.07,0.23,1.84,156.19,2.07,3.01,0.33,2.68,124.62,51.31,26.17
2023,2,15,96.96,1.13,1.52,0.37,1.16,53,2.29,3.37,1,2.37,65.81,48.69,25.45
2023,2,16,96.95,1.74,3.28,0.3,2.98,77,3.25,4.92,1.19,3.73,79.06,46.94,25.51
2023,2,17,97,1.56,2.62,0.26,2.36,133.38,2.7,4.23,0.55,3.69,109.94,51.12,26.15
2023,2,18,97.05,1.61,3.24,0.69,2.55,196.38,2.2,3.7,0.41,3.3,196.25,58.31,25.88
2023,2,19,97.07,0.87,2.75,0.02,2.73,238.69,0.97,2.98,0.19,2.8,185.38,61,26.3
2023,2,20,97.08,1.35,3.53,0.09,3.44,190,1.84,4.38,0.22,4.16,181.75,60.62,26.25
2023,2,21,97.1,1.69,3.5,0.59,2.91,182.44,2.12,3.99,0.87,3.12,164.19,58.75,26.9
2023,2,22,97.03,1.09,2.27,0.29,1.98,166.62,1.7,3.18,0.48,2.7,111.81,52.75,26.62
2023,2,23,96.99,1.52,3.28,0.25,3.03,149.25,2.52,4.61,0.22,4.39,139.06,48.69,26.73
2023,2,24,97.09,1.6,2.55,0.16,2.4,158.62,2.41,4.28,0.94,3.34,147.56,50.25,26.83
2023,2,25,97.23,1.34,2.2,0.66,1.54,133.69,2.2,3.25,0.99,2.26,111.62,50.69,26.68
2023,2,26,97.24,1.76,3.07,0.73,2.34,116.62,3.03,4.44,1.14,3.3,98.81,42.25,26.91
2023,2,27,97.25,1.73,3.41,0.08,3.34,160.25,2.73,4.52,0.58,3.94,131.31,44.69,26.97
2023,2,28,97.29,1.45,3.1,0.27,2.84,153.56,2.27,4.39,0.45,3.94,133.88,44.88,26.66
2023,3,1,97.24,1.48,3.52,0.25,3.27,141.25,2.4,4.95,0.28,4.67,105.56,54.5,27.69
2023,3,2,97.3,1.91,4.43,0.16,4.27,125.12,3.24,6.27,0.35,5.92,109.88,43.19,27.62
2023,3,3,97.33,2.05,4.72,0.41,4.3,101.44,3.6,6.88,0.28,6.6,90.12,42.06,27.22
2023,3,4,97.33,2.11,5.17,0.08,5.09,109,3.57,7.69,0.28,7.41,95.75,42.44,27.58
2023,3,5,97.28,1.83,3.97,0.09,3.88,129.12,3.07,5.85,0.56,5.29,125.5,38.12,27.76
2023,3,6,97.15,2.12,3.89,0.55,3.34,165.5,3.12,5.06,0.89,4.17,155.06,46.38,27.49
2023,3,7,97.09,1.27,2.25,0.29,1.96,131.19,2.09,3.79,0.23,3.56,118.94,45.56,27.82
2023,3,8,97.08,1.65,3.34,0.42,2.91,80.69,3.16,5.01,1.77,3.24,81.62,40.69,27.17
2023,3,9,97.06,1.81,2.94,0.8,2.13,76.69,3.24,4.17,2.1,2.07,79.19,41.62,26.73
2023,3,10,97,2,3.65,0.3,3.35,144.94,2.87,5.38,0.05,5.33,135.31,44.44,27.4
2023,3,11,97.01,1.24,1.8,0.63,1.16,148.56,2.13,3.29,0.85,2.44,103.75,48.62,27.58
2023,3,12,96.96,1.76,3.39,0.66,2.73,143.94,2.98,5.19,1.19,4,123.56,45.38,28.33
2023,3,13,96.9,1.97,3.54,0.5,3.04,183,3.05,4.96,0.55,4.42,173.94,52.75,28.12
2023,3,14,96.85,1.86,3.37,0.59,2.77,234,2.38,4.02,0.64,3.38,232.12,62.31,27.94
2023,3,15,96.79,1.55,3.23,0.19,3.04,218.25,2.05,4.04,0.27,3.77,216.19,63.94,27.78
2023,3,16,96.89,2.11,3.41,1.12,2.28,261.25,2.73,4.12,1.34,2.78,258.81,63.88,27.79
2023,3,17,96.87,1.83,3.76,0.39,3.36,263.69,2.27,4.48,0.44,4.04,261.81,61.81,27.67
2023,3,18,96.84,2.2,4.36,0.11,4.24,190.19,2.99,5.37,0.29,5.08,184.19,62.5,27.15
2023,3,19,96.85,2.53,4.3,1.73,2.57,288.56,3.43,5.34,2.22,3.12,284.12,65.56,26.33
2023,3,20,96.82,2.59,4.66,1.69,2.98,303.69,3.45,5.74,2.04,3.7,299.94,58.5,25.74
2023,3,21,96.84,2.95,3.93,2.01,1.93,307.38,3.85,4.63,2.88,1.75,305.19,60,25.35
2023,3,22,96.83,2.68,4.2,1.05,3.15,258.06,3.45,5.1,0.94,4.16,243.94,62.62,26.76
2023,3,23,96.84,2.64,4.26,1.69,2.57,245.62,3.41,5.02,2.3,2.72,244.75,58.75,27.15
2023,3,24,96.84,2.6,4.29,1.11,3.18,241,3.33,5.12,0.87,4.25,239.56,60.44,27.4
2023,3,25,96.93,2.37,4.18,0.7,3.48,256.56,2.89,4.77,0.53,4.24,254.75,57.94,27.9
2023,3,26,96.95,2.44,4.27,1.08,3.19,253.06,3.01,5.18,1.18,4,265.88,55.62,27.73
2023,3,27,96.9,2.52,3.8,1.73,2.07,261.5,3.09,4.58,1.95,2.63,261.75,59.25,27.42
2023,3,28,96.86,2.37,4.37,1.16,3.2,272.31,2.91,5.34,1.38,3.97,256.94,59.38,27.81
2023,3,29,96.97,2.01,3.58,0.79,2.79,283.19,2.52,4.4,0.86,3.55,279.44,60.56,27.7
2023,3,30,96.93,2.45,4,1.06,2.94,296.44,2.98,4.7,0.88,3.82,294.38,60.62,27.73
2023,3,31,96.87,2.09,3.95,0.48,3.47,304.06,2.52,4.79,0.47,4.32,299.62,59.5,27.56
2023,4,1,96.89,2.64,4.27,1.28,2.98,266.19,3.38,5.27,1.38,3.88,263.5,60.56,27.06
2023,4,2,96.86,2.96,4.57,1.61,2.96,273.38,3.7,5.52,1.73,3.78,287.44,63.56,26.69
2023,4,3,96.83,2.77,4.51,1.7,2.81,275.12,3.38,5.19,1.9,3.29,275.69,60.81,26.56
2023,4,4,96.9,1.85,4.4,0.59,3.8,261.56,2.13,5.13,0.59,4.54,250.44,61.69,27.26
2023,4,5,96.84,2.23,4.76,1.2,3.56,235.19,2.77,5.9,1.34,4.55,223.25,60.5,28.44
2023,4,6,96.87,1.92,3.66,0.7,2.96,298.88,2.32,4.66,0.61,4.05,298.5,64.25,28.19
2023,4,7,96.97,1.73,2.93,0.48,2.45,256.31,2.18,4.17,0.83,3.35,238.75,64.44,28.57
2023,4,8,97.07,1.9,3.92,1.08,2.84,187.12,2.54,4.88,1.25,3.62,181.69,58.88,29.49
2023,4,9,97.1,1.62,4.06,0.24,3.82,214.12,2.09,5.02,0.16,4.86,199.06,61,28.8
2023,4,10,96.99,1.63,3.67,0.55,3.12,223.12,1.94,4.39,0.91,3.48,233.25,62.19,29.02
2023,4,11,97.01,1.73,4.5,0.39,4.11,225.12,2.1,5.32,0.48,4.85,221.19,61.06,29.05
2023,4,12,96.96,1.43,3.93,0.31,3.62,177.31,1.85,5.13,0.16,4.97,167.88,61.56,28.87
2023,4,13,96.97,1.54,3.58,0.18,3.4,183.25,2.03,4.77,0.43,4.34,181.88,58.5,28.84
2023,4,14,96.99,1.4,2.93,0.16,2.77,210.19,1.79,3.86,0.31,3.55,210.25,64.5,28.6
2023,4,15,96.89,1.46,2.9,0.32,2.58,203.56,2.05,3.88,0.11,3.77,207.38,67.88,28.18
2023,4,16,96.78,1.49,3.05,0.46,2.59,207.81,1.98,3.55,0.58,2.97,204.25,65.5,28.38
2023,4,17,96.8,1.45,3.62,0.2,3.41,262.25,1.87,4.59,0.33,4.26,226.75,67.25,28.43
2023,4,18,96.88,1.79,4.17,0.23,3.94,223.06,2.21,5.18,0.15,5.03,220,64.06,29.45
2023,4,19,96.74,2.12,4.52,0.43,4.09,233.75,2.54,5.38,0.58,4.8,230,63.75,29.51
2023,4,20,96.6,2.09,3.38,0.77,2.61,281.75,2.63,4.16,1.05,3.11,279.88,63.06,28.9
2023,4,21,96.57,2.08,4.02,0.74,3.27,278.81,2.59,4.62,0.92,3.7,277.38,65.19,28.78
2023,4,22,96.58,2.52,4.45,1.43,3.02,312.81,3.09,5.48,1.62,3.87,285.44,61.88,29.47
2023,4,23,96.59,2.73,4.84,1.82,3.02,266.44,3.34,5.8,2.12,3.69,253.12,57.62,29.29
2023,4,24,96.67,2.04,4.46,0.66,3.8,247.38,2.38,5.19,0.56,4.63,233.19,59.19,29.05
2023,4,25,96.8,1.96,4.01,0.16,3.85,254.69,2.35,4.55,0.02,4.52,245.44,67.62,28.26
2023,4,26,96.77,2.15,3.72,1.27,2.45,270.44,2.63,4.2,1.25,2.96,255.88,65.19,28.56
2023,4,27,96.78,2.34,4.2,0.63,3.56,234.06,2.88,4.95,1.05,3.9,230.75,63.06,29.06
2023,4,28,96.83,2.31,3.87,0.64,3.23,246.06,2.7,4.35,0.23,4.12,245.19,65.06,28.93
2023,4,29,96.76,2.29,3.98,1.12,2.86,305.5,2.75,4.73,1.06,3.66,307.12,65.25,29.22
2023,4,30,96.66,2.25,4.36,0.91,3.45,304.88,2.91,5.4,1.2,4.2,302.81,65.06,28.84
2023,5,1,96.64,2.57,3.59,1.79,1.8,307.56,3.5,4.53,2.59,1.95,304.69,60,28.68
2023,5,2,96.73,2.92,4.42,1.9,2.53,307.12,3.71,5.38,2.53,2.85,306.94,60.25,29.02
2023,5,3,96.89,2.96,4.44,1.97,2.48,297.44,3.73,5.38,2.43,2.95,296,63.81,28.26
2023,5,4,96.8,2.77,4.71,1.58,3.14,294.69,3.46,5.67,1.81,3.87,293.44,63.38,28.55
2023,5,5,96.75,2.15,3.28,1.45,1.83,291.31,2.69,3.92,1.82,2.1,288.88,65,27.25
2023,5,6,96.71,2.64,4.19,1.38,2.8,297.25,3.34,4.89,1.9,2.99,297.06,63.81,27.98
2023,5,7,96.77,3.04,4.43,2.09,2.34,295.88,3.93,5.26,3.09,2.17,294.06,64.81,27.94
2023,5,8,96.67,2.67,3.77,1.66,2.11,300.25,3.31,4.55,2.22,2.34,299.62,73.62,27.42
2023,5,9,96.73,3.02,4.32,1.79,2.53,252.31,3.71,5.56,2.23,3.34,250.06,76.44,26.81
2023,5,10,96.65,2,3.09,1.5,1.59,235.69,2.33,3.42,1.58,1.85,233.62,73.94,28.15
2023,5,11,96.72,1.91,2.98,0.62,2.36,232.31,2.42,3.68,0.29,3.39,233.5,78.12,28.19
2023,5,12,96.83,2.89,3.53,2.13,1.4,194.31,3.8,4.34,3.38,0.96,196.75,78.62,27.92
2023,5,13,96.89,2.85,4.18,1.68,2.51,229.81,3.95,5.36,2.88,2.49,230.38,83.12,27.39
2023,5,14,96.83,2.11,3.34,1.48,1.86,260.31,2.99,3.98,2.18,1.79,260.06,73.81,28.14
2023,5,15,96.87,2.2,3.63,1.41,2.22,284,3.08,4.52,1.85,2.67,282.62,72.06,28.36
2023,5,16,96.89,2.41,3.99,1.56,2.42,303.75,3.28,5,1.75,3.25,302.56,69,29.31
2023,5,17,96.89,2.4,4.3,1.7,2.59,268.06,3.18,5.34,1.86,3.49,269.25,65.44,29.69
2023,5,18,96.98,2.64,4.48,1.84,2.64,310.69,3.35,5.53,2.39,3.14,311.19,63.88,29.94
2023,5,19,96.92,2.46,4.7,1.18,3.52,292.69,3.05,5.62,1.78,3.84,294.06,69.06,28.99
2023,5,20,96.88,2.67,3.95,2.1,1.85,280.25,3.26,4.7,2.57,2.12,280.81,70.62,28.83
2023,5,21,96.91,2.47,4.09,1.59,2.49,293.31,3.01,4.88,1.8,3.08,294.12,71.19,28.98
2023,5,22,96.95,2.47,3.77,1.6,2.17,296.62,3.2,4.74,2.25,2.49,298.88,71.06,28.74
2023,5,23,97.02,1.71,3.52,0.27,3.25,235.62,2.2,4.42,0.27,4.16,235.12,70.19,28.76
2023,5,24,97.05,1.72,2.77,0.45,2.32,247.38,2.32,3.44,0.73,2.7,247.06,73.88,27.76
2023,5,25,97.09,2.3,3.44,1.33,2.12,261.06,3.23,4.28,2.25,2.03,259.62,75,27.64
2023,5,26,97.12,2.62,3.94,1.66,2.28,284.88,3.55,4.7,2.97,1.73,283.06,70.19,28.02
2023,5,27,96.97,3.1,4.34,1.9,2.44,294.38,4.13,5.23,2.97,2.26,293.62,72.31,28.28
2023,5,28,96.85,3.27,4.26,2.47,1.8,305.62,4.27,5.14,3.17,1.98,305.44,67.56,28.78
2023,5,29,96.74,2.18,3.05,1.16,1.88,265.44,2.95,3.91,1.23,2.66,252.56,71.94,29.07
2023,5,30,96.88,1.28,1.84,0.81,1.02,247.81,1.97,2.66,1.01,1.65,249.25,80.62,27.47
2023,5,31,96.84,1.36,1.8,1.01,0.78,231.44,2.01,3.1,1.31,1.78,231.19,78.19,27.51
2023,6,1,96.88,1.8,2.57,0.83,1.74,250.69,2.7,3.35,1.34,2.01,250.81,83.75,26.58
2023,6,2,96.87,2.1,3.55,1.22,2.34,270.69,2.92,4.34,1.55,2.77,270.25,75.81,27.81
2023,6,3,96.81,2.34,4.06,1.14,2.92,285.88,3.18,5.16,1.34,3.82,286.25,72.25,28.62
2023,6,4,96.8,2.38,3.49,1.63,1.86,274.56,3.13,4.2,2.14,2.05,274.5,75.69,28
2023,6,5,96.76,3.09,4.82,1.93,2.89,259.38,4.27,6.16,3.1,3.06,258.94,81.25,27.46
2023,6,6,96.74,2.65,3.4,2.02,1.38,257.69,3.73,4.19,3.14,1.05,257.69,81.06,27.5
2023,6,7,96.74,3.18,4.84,2.27,2.58,244.5,4.59,6.33,3.78,2.55,244.69,81.44,27.23
2023,6,8,96.79,3.09,4.93,1.8,3.13,239.75,4.4,6.26,3.28,2.98,240.38,78.62,27.62
2023,6,9,96.72,3.13,4.18,2.27,1.91,230.12,4.45,5.34,3.56,1.78,231.19,77.44,27.79
2023,6,10,96.7,3.55,5.38,2.19,3.2,207.88,5.16,7.2,3.7,3.5,210,82.62,26.63
2023,6,11,96.66,2.89,4.06,1.92,2.15,217.12,4.2,5.28,3.06,2.22,219.12,80.56,26.66
2023,6,12,96.67,3.48,5.48,1.95,3.53,229.38,5.04,7.16,3.59,3.56,230.31,78.62,27.27
2023,6,13,96.72,3.47,5.39,2.32,3.07,241.88,4.99,7.03,3.9,3.14,242.75,79.94,27.44
2023,6,14,96.84,3.52,4.87,2.28,2.58,259.56,5.16,6.38,4.04,2.34,259.31,81.31,27.5
2023,6,15,96.87,3.23,4.48,2.23,2.25,275.12,4.7,5.65,3.84,1.8,274.56,80.81,27.53
2023,6,16,96.82,3.38,5.2,2.24,2.96,264.31,4.84,6.54,3.96,2.58,264.19,79.69,27.46
2023,6,17,96.81,3.44,5.48,2.3,3.18,270.88,4.95,7.02,3.82,3.2,270.38,82.25,27.18
2023,6,18,96.77,3.17,4.34,2.32,2.02,277.75,4.62,5.61,3.71,1.9,277.38,85.38,26.62
2023,6,19,96.71,2.79,3.96,1.44,2.52,283.06,4.08,5.09,2.44,2.66,283,86.5,26.04
2023,6,20,96.64,2.06,3.39,1.05,2.34,292.94,2.86,4.17,1.47,2.7,292.5,80,26.23
2023,6,21,96.68,2.27,2.96,1.62,1.34,279.69,3.42,4.01,2.98,1.03,279.12,84.06,26.5
2023,6,22,96.73,2.59,3.31,1.66,1.65,285.06,3.8,4.63,2.86,1.78,284.25,81.06,26.08
2023,6,23,96.77,2.57,4.51,0.56,3.95,262.19,3.62,5.74,1.04,4.7,263.5,74.38,25.4
2023,6,24,96.66,3.62,5.3,2.37,2.93,266.12,5.23,6.98,3.8,3.18,265.81,88.44,25.36
2023,6,25,96.71,2.64,3.97,1.46,2.51,262.38,3.98,5.21,2.49,2.72,261.75,87.25,25.33
2023,6,26,96.77,2.2,3.12,1.27,1.85,238.31,3.34,4.25,2.17,2.07,240.12,83.19,25.11
2023,6,27,96.84,2.55,4.45,1.03,3.41,217.31,3.72,5.84,2.06,3.77,221.31,87.12,24.73
2023,6,28,96.93,2.41,4.67,1.31,3.36,270.88,3.67,6.23,2.51,3.72,269.75,84.31,25.05
2023,6,29,96.99,2.3,3.97,0.84,3.13,271.94,3.56,5.41,1.38,4.02,270.75,86.62,24.8
2023,6,30,96.91,2.7,4.55,0.24,4.31,229.25,3.79,6.12,0.54,5.59,233.19,85.25,25.09
2023,7,1,96.97,2.4,3.93,1.02,2.91,280.75,3.73,6.5,1.91,4.59,279.06,87.88,25.46
2023,7,2,96.89,3.99,6.53,1.3,5.23,266.44,5.88,8.9,2.52,6.38,266.25,89.56,25.47
2023,7,3,96.76,4.72,5.95,3.84,2.11,263.94,6.88,8.04,6.05,1.98,264.12,90.62,25.63
2023,7,4,96.55,6,7.79,3.92,3.87,245.5,8.44,11.05,6.05,5,245.75,92.81,25.15
2023,7,5,96.51,5.5,7.26,3.62,3.63,256.31,7.96,10.3,5.98,4.33,256.69,91.94,24.71
2023,7,6,96.71,4.75,6.05,2.62,3.44,264.12,7.03,8.42,4.45,3.97,264.12,89.25,24.74
2023,7,7,96.85,3.73,5.23,2.08,3.15,262.81,5.53,7.02,3.68,3.33,262.31,88,25.01
2023,7,8,96.94,3.41,5.02,1.68,3.34,256.25,5.15,6.81,3.03,3.78,256.44,86.75,25.33
2023,7,9,96.85,2.7,4.07,1.27,2.8,272.75,4.06,5.41,2.43,2.98,271.56,90.19,25.17
2023,7,10,96.82,2.23,3.77,1.27,2.5,262.5,3.25,4.78,2.09,2.7,261.75,90.12,25.15
2023,7,11,96.84,2.55,3.69,1.83,1.86,290.69,3.78,4.84,3,1.84,288.5,90.62,25
2023,7,12,96.84,2.72,4.47,1.57,2.9,276.75,4.13,6.12,2.55,3.56,275.88,88.69,24.45
2023,7,13,96.89,3.02,3.75,2.14,1.61,259.69,4.47,5.01,3.7,1.3,260.19,89.88,24.34
2023,7,14,96.95,3.38,3.88,2.07,1.82,273.06,5.07,6.16,3.37,2.8,272.94,90.12,24.77
2023,7,15,96.91,2.8,4.39,1.67,2.72,282.12,4.23,5.83,2.84,2.99,281.75,89.44,25.18
2023,7,16,96.85,2.94,4.77,1.88,2.88,283.81,4.42,6.34,3.21,3.12,282.88,90.69,25.34
2023,7,17,96.8,3.85,5.91,1.86,4.05,271.81,5.69,7.96,3.43,4.53,271.19,89.81,25.52
2023,7,18,96.79,5.02,6.52,3.73,2.77,267.19,7.33,8.91,5.95,2.97,267.25,89.75,25.32
2023,7,19,96.66,5.22,6.95,3.92,3.03,267.38,7.67,9.64,6.32,3.32,267.62,90.31,25.09
2023,7,20,96.64,5.27,7.28,3.96,3.32,267,7.75,10.17,6.21,3.96,267.5,90.38,25.36
2023,7,21,96.73,5.53,7.25,4.2,3.04,263.44,8.02,9.98,6.65,3.33,263.94,91.88,25.08
2023,7,22,96.87,5.19,6.85,4.02,2.83,273,7.61,9.48,6.37,3.11,273.19,90,24.78
2023,7,23,96.9,5.52,7.57,2.95,4.62,268.81,8.04,10.6,4.88,5.72,269.19,91.44,24.66
2023,7,24,96.82,4.7,6.92,2.65,4.27,264.94,6.8,9.62,4.53,5.09,264.88,92.88,24.31
2023,7,25,96.92,4.2,4.98,3.16,1.81,269.62,6.16,7.49,5.16,2.33,269.88,91.81,23.82
2023,7,26,96.97,4.45,6.96,2.88,4.08,272.94,6.59,9.56,4.67,4.89,273.12,93.12,23.87
2023,7,27,97.05,3.3,4.95,2.1,2.85,282.69,5.12,6.93,3.7,3.24,282.94,93.5,23.74
2023,7,28,96.99,3.59,5.15,2.46,2.69,287.06,5.51,7.22,4.36,2.86,287.06,92.12,24.44
2023,7,29,96.97,3.78,5.73,2,3.72,290.88,5.64,7.77,3.63,4.14,290.38,90.88,24.6
2023,7,30,96.91,3.52,5.26,2.22,3.03,284.38,5.28,7.14,3.88,3.25,283.94,90,24.73
2023,7,31,96.87,3.85,5.76,2.05,3.71,269.31,5.7,7.83,3.55,4.27,269.31,90.25,24.76
2023,8,1,96.91,3.67,5.05,2.08,2.97,269.38,5.45,6.84,3.54,3.3,269.25,90.38,24.68
2023,8,2,96.97,3.8,5.22,2.46,2.76,267.31,5.66,7.12,4.05,3.08,267.44,88.81,24.79
2023,8,3,96.94,3.88,5.37,2.38,2.99,273.75,5.73,7.12,4.1,3.02,273.62,88.94,24.86
2023,8,4,97.06,3.8,5.37,2.47,2.91,268.06,5.66,7.25,4.27,2.98,268.12,89.62,25.08
2023,8,5,97.16,3.73,5.26,1.82,3.44,270.5,5.6,7.13,3.33,3.8,269.69,89.56,24.97
2023,8,6,97.05,2.84,4.04,1.8,2.24,278.94,4.27,5.35,3.24,2.11,276.75,91.44,24.51
2023,8,7,96.89,3.06,4.35,1.98,2.38,282.44,4.55,5.66,3.7,1.97,280.88,89,24.93
2023,8,8,96.9,2.49,3.65,1.45,2.2,280,3.77,4.68,2.77,1.9,277.75,88.81,24.96
2023,8,9,97.03,2.29,3.8,1.37,2.44,297,3.38,4.82,1.95,2.88,295.06,87.5,24.99
2023,8,10,97.03,2.65,3.59,2.11,1.48,307.19,3.93,4.59,3.21,1.38,306.31,87.62,25.35
2023,8,11,96.98,3,4.01,2.05,1.95,313.94,4.45,5.2,3.69,1.51,313.38,87.5,25.36
2023,8,12,97,3.06,4.9,1.94,2.97,302.56,4.48,6.34,3.52,2.82,301,88.06,24.96
2023,8,13,96.96,2.85,4.28,1.67,2.61,287.25,4.21,5.53,3.03,2.5,285.5,88.88,24.58
2023,8,14,96.99,2.59,4.2,1.59,2.6,278.38,3.82,5.41,2.7,2.72,276.88,85.88,24.43
2023,8,15,97,2.42,3.85,1.55,2.3,261.31,3.59,4.88,2.9,1.97,260.69,85.44,24.76
2023,8,16,97.01,2.37,3.84,1.41,2.42,274.56,3.47,4.83,2.57,2.26,273.12,86.69,24.82
2023,8,17,97.01,2.88,4.08,1.83,2.25,290,4.26,5.27,3.46,1.8,288.19,87.62,24.91
2023,8,18,96.91,2.7,3.93,1.95,1.98,288.69,4.06,5.2,3.3,1.9,287.06,89.12,24.59
2023,8,19,96.84,3.69,5.26,2.55,2.7,284,5.52,7.13,4.48,2.66,283,89.5,25.29
2023,8,20,96.8,3.12,4.56,1.88,2.68,289.44,4.61,5.8,3.52,2.28,287.88,88.44,25.23
2023,8,21,96.77,2.67,4.07,1.75,2.32,306.5,3.88,5.09,3.02,2.07,305.31,87.06,25.29
2023,8,22,96.78,2.52,3.47,1.86,1.61,313.25,3.73,4.46,2.9,1.56,312.62,85.56,25.42
2023,8,23,96.82,2.45,3.66,1.84,1.81,304.69,3.68,4.7,2.63,2.07,303.12,86.19,25.3
2023,8,24,96.82,2.2,3.49,1.23,2.26,277,3.29,4.45,2.38,2.07,275.5,86.38,25.12
2023,8,25,96.82,2.4,3.84,1.27,2.57,248.94,3.47,4.99,2.35,2.64,249.38,86.5,25.3
2023,8,26,96.92,1.91,2.94,1.18,1.76,273.44,2.88,3.77,2.05,1.72,271.94,87.75,25.04
2023,8,27,97,1.72,3.11,0.87,2.24,305.69,2.56,4.02,1.28,2.73,303,88.44,24.72
2023,8,28,96.94,2.46,3.8,1.48,2.33,301.94,3.7,4.88,2.52,2.36,299.81,85.38,25.49
2023,8,29,96.85,2.6,3.8,1.71,2.09,296.69,3.89,4.88,3.28,1.59,295.5,86,25.47
2023,8,30,96.87,2.43,3.63,1.86,1.77,300.56,3.68,4.66,2.77,1.88,298.75,85.38,25.65
2023,8,31,96.82,2.27,3.47,1.77,1.7,295.44,3.35,4.54,2.11,2.44,293.31,84.19,25.93
2023,9,1,96.84,2.31,3.27,1.76,1.51,301.31,3.45,4.09,2.73,1.37,299.75,86.19,25.7
2023,9,2,96.85,2.02,2.77,1.49,1.27,288.94,3.08,3.58,2.74,0.83,285.5,86.75,25.21
2023,9,3,96.79,1.75,2.62,0.8,1.82,288.12,2.69,3.59,1.09,2.52,286,86.94,24.48
2023,9,4,96.73,1.45,2.49,0.26,2.23,273,2.33,3.4,0.59,2.81,275.12,85.56,23.63
2023,9,5,96.69,3.38,5.64,1.52,4.12,262.12,4.97,7.48,2.88,4.61,261.5,90.31,24.15
2023,9,6,96.71,2.83,3.76,1.93,1.82,254.5,4.27,5.23,3.57,1.66,254.06,88.06,24.98
2023,9,7,96.76,3.12,4.64,1.94,2.7,246.69,4.63,6.2,3.33,2.88,246.75,88.75,25.24
2023,9,8,96.84,3.8,5.23,2.45,2.78,261.25,5.68,7.17,4.3,2.87,260.94,89.75,25.39
2023,9,9,96.82,3.06,4.68,2.02,2.66,278.75,4.67,6.28,3.24,3.04,277.62,88.75,25.59
2023,9,10,96.77,3.3,5.09,2.2,2.89,276.81,4.98,6.85,3.66,3.19,275.94,88.19,25.77
2023,9,11,96.84,3.27,4.23,2.75,1.48,264.5,4.94,5.66,4.26,1.4,264.12,89.88,25.21
2023,9,12,96.88,3.3,4.45,2.11,2.34,271.38,4.95,5.95,3.83,2.12,271,88.88,25.22
2023,9,13,96.86,2.45,3.59,1.57,2.02,279.25,3.78,4.74,2.97,1.77,277.31,89,25.15
2023,9,14,96.84,3.06,4.5,1.87,2.63,245.88,4.56,6.05,3.41,2.64,246.44,90,25.16
2023,9,15,96.89,3.46,4.61,2.58,2.03,232.94,5.14,6.2,4.38,1.82,233.69,89.88,24.73
2023,9,16,96.92,3.27,4.62,1.7,2.92,252,4.88,6.15,3.13,3.02,251.75,89.44,24.91
2023,9,17,96.82,2.61,3.7,1.32,2.38,236.31,3.9,4.8,2.58,2.23,237.81,88.75,25.2
2023,9,18,96.79,2.66,4.34,1.37,2.98,234.38,4.03,5.77,2.7,3.08,235.88,89,25.29
2023,9,19,96.92,2.25,3.08,1.55,1.52,239.19,3.45,4.06,2.94,1.13,240.81,87.75,25.26
2023,9,20,96.96,2.34,3.91,1.3,2.62,240.56,3.52,5.13,2.4,2.73,242.81,88.75,24.82
2023,9,21,96.92,2.55,3.71,1.81,1.9,244.06,3.78,4.85,2.78,2.07,245.19,89.38,24.83
2023,9,22,96.9,2.34,3.53,1.56,1.97,257.75,3.43,4.54,2.02,2.52,257.5,90.12,24.91
2023,9,23,96.91,2.83,3.84,1.95,1.89,257.69,4.2,5.01,3.4,1.61,256.31,92.56,24.71
2023,9,24,96.92,2.95,3.99,1.5,2.49,289.19,4.36,5.16,2.73,2.44,287.19,91.06,24.54
2023,9,25,96.86,1.92,2.73,1.41,1.32,295.69,2.98,3.59,2.65,0.94,292.75,88.81,23.99
2023,9,26,96.82,1.99,3.36,1.25,2.11,271.88,3.08,4.42,1.91,2.52,270.25,86.69,24.94
2023,9,27,96.84,2.12,3.37,1.32,2.04,253.62,3.27,4.41,1.94,2.47,252.25,86.44,24.78
2023,9,28,96.73,3.66,5.55,1.81,3.75,221.88,5.3,7.29,3.27,4.02,221.44,91.62,24.87
2023,9,29,96.74,3.47,4.52,2.47,2.05,229.56,5.18,6.13,4.02,2.12,229.5,90.88,24.83
2023,9,30,96.84,4.23,5.54,2.99,2.55,218,6.28,7.62,4.8,2.82,219.25,89,24.87
2023,10,1,96.82,3.92,5.62,2.02,3.61,248.81,5.88,7.74,3.53,4.21,248.31,89.62,25.13
2023,10,2,96.95,2.18,3.5,1.35,2.14,275.69,3.3,4.53,2.52,2.02,273.31,86,24.76
2023,10,3,97.02,2,3.16,1.29,1.87,274.75,3.05,3.98,2.37,1.62,271.81,87,24.4
2023,10,4,97.04,1.78,3.09,1.23,1.85,281.62,2.46,3.86,1.41,2.45,278.88,83.31,24.52
2023,10,5,97,1.91,3.41,1.22,2.2,277.81,2.72,4.26,1.43,2.82,275.94,84.25,24.48
2023,10,6,96.88,2.7,4.27,1.79,2.48,258.75,3.82,5.38,2.63,2.74,256.81,89,24.74
2023,10,7,96.87,1.89,2.43,1.23,1.2,291.19,2.81,3.6,1.31,2.3,290.88,85,26.05
2023,10,8,96.96,1.92,3.16,0.45,2.7,279.56,2.7,3.98,0.11,3.87,282.12,87.19,26.03
2023,10,9,97.1,1.97,2.7,1.38,1.33,255.19,2.92,3.84,1.59,2.24,256.06,89.75,25.5
2023,10,10,97.07,2.42,3.95,1.58,2.37,261.12,3.42,4.89,2.07,2.82,262.69,88.88,25.74
2023,10,11,97.06,1.94,3.4,0.98,2.41,236.81,2.69,4.25,0.95,3.3,242.31,87.5,25.22
2023,10,12,97.06,2.6,4.12,1.64,2.48,222.88,3.69,5.03,2.77,2.27,223.44,91.88,25.23
2023,10,13,97.14,1.57,2.4,0.75,1.65,205.31,2.28,3.37,0.76,2.61,198,85.31,26.11
2023,10,14,97.14,1.42,2.6,0.57,2.03,215.56,2,3.61,0.62,2.99,209.69,83.12,25.96
2023,10,15,97.03,1.48,2.05,0.69,1.36,274.88,2.18,3.04,0.63,2.41,276.06,86.75,25.37
2023,10,16,97.04,1.66,2.56,1.08,1.48,262.5,2.43,3.26,1.07,2.19,262.5,86.31,25.44
2023,10,17,97.12,1.75,2.77,0.91,1.86,245.31,2.5,3.31,1.16,2.16,245.62,88.5,24.88
2023,10,18,97.14,1.41,2.27,0.62,1.66,284.06,1.99,3.25,0.68,2.57,246.69,83.81,26.01
2023,10,19,97.11,1.2,2.09,0.06,2.02,229.19,1.65,2.94,0.15,2.79,216.56,83.38,26.26
2023,10,20,97.1,1.17,2.23,0.08,2.16,196.25,1.72,3.94,0.19,3.74,190.62,80.06,26.33
2023,10,21,97.12,1.39,2.42,0.29,2.12,178.44,2.15,3.9,0.34,3.56,176.5,81.56,26.38
2023,10,22,97.15,1.44,2.31,0.14,2.17,187.12,2.21,3.87,0.32,3.55,185,81.38,26.51
2023,10,23,97.09,1.69,3.05,0.41,2.66,151,2.73,4.27,0.66,3.59,152.94,74.75,26.33
2023,10,24,97.07,1.3,2.07,0.29,1.78,194.19,2,3.86,0.48,3.38,194.69,75.19,25.89
2023,10,25,97.15,1.77,2.91,0.4,2.52,157.81,2.62,4.07,0.41,3.66,157.75,73.75,25.71
2023,10,26,97.15,2.06,3.3,0.84,2.46,130.06,2.97,4.44,1.1,3.34,131.69,71.81,24.78
2023,10,27,97.01,2.26,3.41,1.46,1.95,134.88,3.33,4.53,1.91,2.62,136,74.19,25.06
2023,10,28,97.01,1.25,2.29,0.21,2.08,210.94,1.91,3.69,0.3,3.38,208,78,26.33
2023,10,29,97,1.49,2.02,1.06,0.96,213.69,2.32,3.12,1.57,1.54,215.5,85.31,25.81
2023,10,30,97,1.87,3.34,0.47,2.88,229.19,2.59,4.12,0.62,3.51,230.69,88,24.9
2023,10,31,97.11,1.18,2.03,0.27,1.77,261.19,1.55,2.38,0.35,2.02,250.19,86.5,24.84
2023,11,1,97.11,1.27,1.76,0.75,1.01,117.88,1.9,2.78,1,1.78,119.69,85.44,24.81
2023,11,2,97,1.84,3.28,0.68,2.6,152.25,2.84,4.68,0.75,3.93,138.44,80.62,25.91
2023,11,3,96.85,1.56,2.81,0.32,2.49,121.88,2.36,4.01,0.72,3.28,116.06,81.94,26.14
2023,11,4,96.8,1.55,3.48,0.3,3.17,91.62,2.52,4.99,1,3.99,83.19,86.69,25.44
2023,11,5,96.95,2.32,3.5,1.11,2.39,143.81,3.31,4.48,2.2,2.29,145.31,85.69,25.49
2023,11,6,97.13,1.78,2.65,1.07,1.58,219.62,2.69,4.5,1.78,2.72,220.44,88.62,24.86
2023,11,7,97.12,1.4,1.74,0.28,1.46,166.69,2.21,2.96,0.33,2.62,167.5,88.5,23.86
2023,11,8,97.08,1.49,2.49,0.34,2.16,192.81,2.01,3.1,0.55,2.54,189.62,83.88,24.98
2023,11,9,97.11,1.12,2,0.37,1.62,199.44,1.57,2.87,0.43,2.44,184.06,80,25.65
2023,11,10,97.18,0.84,1.3,0.27,1.02,151.88,1.34,1.82,0.21,1.62,152.12,81.44,25.69
2023,11,11,97.18,1.4,2.33,0.36,1.97,70.25,2.4,3.22,0.86,2.37,73.75,79.19,26.04
2023,11,12,97.19,2.05,3.27,0.87,2.4,81.94,3.24,4.47,1.73,2.74,80.12,76.25,24.92
2023,11,13,97.17,1.95,3.42,0.76,2.66,74.62,3.09,4.5,1.68,2.82,75.75,75.62,24.99
2023,11,14,97.1,1.69,2.64,0.48,2.16,76.56,2.78,3.73,1.23,2.5,77.62,77,25.06
2023,11,15,97.1,1.62,3.05,0.38,2.68,54.88,2.52,4.09,0.57,3.52,60.62,78.25,25.15
2023,11,16,97.09,1.62,3.52,0.07,3.45,120.75,2.45,4.66,0.04,4.63,119.88,75.69,25.34
2023,11,17,97.06,1.52,2.73,0.25,2.48,142.75,2.31,3.69,0.46,3.23,139.75,77.56,26.06
2023,11,18,97.03,1.02,1.76,0.48,1.27,144.06,1.66,2.47,0.77,1.71,144.81,82.69,26.4
2023,11,19,97.02,1.46,2.84,0.1,2.73,132.75,2.27,4.16,0.34,3.82,125,83.81,26.13
2023,11,20,97.04,1.3,2.32,0.31,2.02,64.12,2.25,3.33,0.73,2.59,68.5,79.62,26.22
2023,11,21,97,2.14,3.66,0.96,2.7,48.62,3.36,5.08,1.84,3.23,53.19,82.19,25.5
2023,11,22,96.91,1.76,3.35,0.22,3.14,152.62,2.66,4.51,0.3,4.2,140.94,83,26.04
2023,11,23,96.76,3.2,4.56,1.79,2.77,97.75,4.66,6.07,3.08,3,99.88,86.62,25.89
2023,11,24,96.88,1.33,2.33,0.07,2.26,151.56,1.99,3.73,0.17,3.57,148.69,84.81,25.73
2023,11,25,96.98,1.4,2.66,0.33,2.33,120.38,2.22,3.69,0.7,2.99,111.94,79.75,26.17
2023,11,26,97.04,1.8,3.1,0.38,2.72,77.69,2.88,4.42,0.73,3.7,78.62,78.38,25.36
2023,11,27,96.97,1.51,3.05,0.2,2.85,157.31,2.24,4.2,0.18,4.02,141.94,75.62,26.27
2023,11,28,96.87,1.02,1.37,0.3,1.07,165,1.54,2.34,0.67,1.66,170.06,77.88,26.54
2023,11,29,96.88,1.02,1.7,0.39,1.3,164.75,1.55,2.83,0.54,2.29,154.88,80.69,26.17
2023,11,30,96.98,1.95,3.49,0.43,3.06,121.62,2.88,4.58,0.41,4.17,111.12,80.94,25.55
2023,12,1,96.92,1.95,2.55,1.28,1.27,34.75,3,3.94,2.23,1.72,39.44,81.38,25.67
2023,12,2,96.84,2.12,2.87,0.95,1.91,62.5,3.41,4.02,2.1,1.92,64.56,77.06,25.22
2023,12,3,96.81,2.56,4.05,1.32,2.73,51,4.1,5.91,2.74,3.16,54.38,82.31,25.62
2023,12,4,96.76,2.84,4.5,1.8,2.69,38.38,4.34,6.08,3.1,2.98,40.88,82.88,25.39
2023,12,5,96.73,1.77,3.01,0.16,2.85,172,2.56,3.97,0.18,3.79,157.94,81.19,25.52
2023,12,6,96.84,1.35,2.08,0.1,1.98,193.69,1.94,3.33,0.1,3.23,193.12,77.69,25.77
2023,12,7,96.95,1.27,1.77,0.3,1.48,172.12,1.72,2.93,0.2,2.73,172.12,77.06,25.82
2023,12,8,96.95,1.2,1.86,0.3,1.55,182.38,1.77,2.95,0.55,2.4,183,79.19,25.94
2023,12,9,97.01,1.89,4.36,0.27,4.09,72.25,3.01,5.86,0.68,5.18,71,82.25,26.14
2023,12,10,96.96,1.2,2.15,0.07,2.08,154,1.91,3.17,0.35,2.82,143.06,83.81,25.95
2023,12,11,97.02,2.78,4.57,1.42,3.15,82.88,4.13,6.05,2.51,3.54,82.69,82.69,24.61
2023,12,12,96.92,1.64,2.55,0.7,1.87,62,2.6,3.81,1.12,2.69,64.25,74.44,25.41
2023,12,13,96.95,2.42,3.3,1.75,1.55,64.88,3.74,5.06,2.59,2.47,66.5,75.81,23.92
2023,12,14,97.09,2.66,4.38,1,3.38,66.38,3.98,5.68,1.66,4.01,68.44,74.56,23.3
2023,12,15,97.13,1.77,3.15,0.2,2.95,81.19,2.7,4.21,0.44,3.77,81.5,74.56,23.83
2023,12,16,97.02,1.77,2.73,0.24,2.48,185.19,2.69,3.71,0.66,3.05,174.94,80.19,24.98
2023,12,17,96.97,1.6,3.22,0.9,2.33,135,2.48,4.47,1.3,3.17,129.56,82.12,25.94
2023,12,18,97.06,1.62,3.26,0.56,2.7,93.06,2.72,4.59,1.03,3.56,87.62,82.06,25.25
2023,12,19,97.11,1.97,3.55,0.14,3.4,100.31,3.16,4.95,0.48,4.46,71.94,76.31,24.75
2023,12,20,97.15,2.19,4.1,0.57,3.53,79.62,3.35,5.45,0.95,4.5,80,75.38,24.4
2023,12,21,97.14,1.98,3.59,0.7,2.9,157.38,2.84,4.73,0.95,3.79,141.69,78.12,24.72
2023,12,22,97.14,2.08,3.02,1.03,1.98,55.38,3.24,4.23,1.62,2.61,57.69,81,24.3
2023,12,23,97.19,1.96,3.45,0.48,2.98,94.25,3.01,5.07,0.91,4.16,89.62,72.62,24.31
2023,12,24,97.31,2.12,2.99,1.3,1.69,79.25,3.3,4.12,2.23,1.89,80.5,70.12,23.46
2023,12,25,97.24,2.17,3.09,1.34,1.75,74.56,3.43,4.31,2.8,1.52,75.56,78.88,24.43
2023,12,26,97.23,2.57,3.51,1.45,2.06,68.19,3.98,4.82,2.7,2.12,69.31,74.5,22.95
2023,12,27,97.24,2.7,4.08,1.54,2.54,73.62,4.2,5.55,2.74,2.8,74.25,75.44,22.87
2023,12,28,97.16,2.32,4.76,0.11,4.66,105.44,3.52,6.48,0.11,6.37,93.25,74.06,24.03
2023,12,29,97.15,2.09,3.88,0.52,3.35,91.69,3.28,5.24,1.27,3.97,91.12,75.88,24.64
2023,12,30,97.14,2.2,3.58,1.06,2.52,63.62,3.43,4.66,1.88,2.79,66.94,76.12,24.47
2023,12,31,97.13,1.95,3.47,0.45,3.02,147.62,2.81,4.91,0.68,4.23,144.56,72.5,24.36
2024,1,1,97.19,1.29,2.11,0.27,1.84,169.94,1.67,3.11,0.31,2.8,170.5,77.25,24.83
2024,1,2,97.1,1.28,1.95,0.78,1.17,125.81,1.88,2.98,1,1.98,123.12,79.19,25.16
2024,1,3,97.06,1.09,1.98,0.44,1.54,223,1.43,2.54,0.55,1.98,217,82.19,24.81
2024,1,4,97.09,1.03,1.63,0.26,1.38,250.88,1.46,2.37,0.48,1.89,254.06,79.38,24.87
2024,1,5,97.06,1.64,2.3,1.07,1.22,187.12,2.41,3.13,1.53,1.6,187.38,78.94,24.72
2024,1,6,97.07,1.68,3.07,1.09,1.98,142.44,2.52,4.22,1.33,2.89,139.31,80.31,24.94
2024,1,7,97.05,1.58,2.74,0.66,2.09,119.75,2.38,3.63,1.02,2.61,117,74.25,25.26
2024,1,8,97.1,1.59,3.47,0.28,3.19,153.69,2.42,4.65,0.16,4.48,123.81,78.75,25.3
2024,1,9,97.12,2.05,3.66,0.88,2.8,75.31,3.15,4.68,1.55,3.13,77.31,89.19,23.65
2024,1,10,97.1,1.92,3.22,0.4,2.82,114.5,2.95,4.54,1.16,3.39,111.56,73.69,24.69
2024,1,11,97.08,2.05,3.52,0.62,2.91,74.25,3.29,4.93,1.09,3.84,75.62,68.44,24.62
2024,1,12,97.09,2.41,3.98,1,2.98,91.69,3.77,5.43,1.5,3.93,90,69.75,24
2024,1,13,97.17,1.95,2.77,0.8,1.96,63.5,3.15,4.1,1.32,2.78,65.88,75,24.67
2024,1,14,97.15,2.03,2.92,1.37,1.55,100.88,3.2,4.03,2.15,1.88,89.69,77.19,24.72
2024,1,15,97.14,1.59,2.91,0.33,2.59,160.69,2.25,4.07,0.22,3.85,159.75,72.19,24.36
2024,1,16,97.01,1.8,2.28,0.22,2.06,185.44,2.62,3.85,0.28,3.57,185.56,73.88,23.81
2024,1,17,96.98,1.68,2.09,0.66,1.43,228.44,2.31,3.01,1.04,1.96,226.88,79.38,24.11
2024,1,18,97.09,1.97,2.3,1.25,1.05,273.75,2.52,3.2,1.23,1.97,271.69,81.44,24.07
2024,1,19,97.07,1.63,2.25,0.64,1.61,179.44,2.3,3.3,0.96,2.34,178.62,79.62,24.61
2024,1,20,97.15,1.79,2.47,0.59,1.88,184.19,2.64,3.84,0.84,2.99,184.25,79.75,24.9
2024,1,21,97.17,1.96,2.72,0.28,2.44,168.12,2.88,3.86,0.42,3.44,171.88,79.62,24.83
2024,1,22,97.26,2,2.84,0.14,2.7,174.94,2.88,4.47,0.36,4.11,172.62,78.56,24.47
2024,1,23,97.25,2.13,2.96,0.68,2.28,221.44,2.91,4.49,0.59,3.9,221.25,77.25,23.8
2024,1,24,97.24,2,2.66,0.34,2.33,269.81,2.68,3.8,0.26,3.54,263.88,76.62,23.3
2024,1,25,97.27,1.66,2.55,0.42,2.13,228.94,2.16,3.63,0.35,3.28,221.81,73.5,24.18
2024,1,26,97.4,1.77,2.52,0.89,1.63,165.06,2.51,3.84,0.66,3.18,165.06,73.56,24.44
2024,1,27,97.4,1.97,3.55,0.01,3.54,81.12,3.12,4.75,0.08,4.67,86.69,71.75,24.09
2024,1,28,97.36,1.88,3.62,0.2,3.42,129.56,2.85,4.7,0.38,4.31,113.75,71.19,24.26
2024,1,29,97.27,1.34,2.61,0.23,2.38,130.88,2.12,3.55,0.28,3.27,109.38,68.19,24.38
2024,1,30,97.23,1.88,3.3,0.98,2.33,166.12,2.63,4.54,1.23,3.3,166.12,67.69,24.12
2024,1,31,97.28,1.65,2.62,0.48,2.14,231.06,2.16,3.7,0.57,3.13,227.88,70.94,24.31
2024,2,1,97.34,2.24,2.8,1.24,1.55,255.94,3.06,4.12,1.33,2.79,267.81,80,23.51
